id,name,status,tradingStatus,statusDescription,season,competitors,startTime,isOutright,isBetBuilderSupported,country_id,country_name,sport_id,sport_name,competition_id,competition_name,customDisplayData_CustomEventName,customDisplayData_CustomBetEventName,customDisplayData_CustomEventTabName,customDisplayData_CustomBetTournament,customDisplayData_EID,customDisplayData_BRID,customDisplayData_SFID,home_team_id,home_team_name,away_team_id,away_team_name
6214055,CS Universitatea Cluj-Napoca v BC Lietkabelis Panevezys,1,0,,,"[{'id': 601428, 'name': 'CS Universitatea Cluj-Napoca'}, {'id': 42313, 'name': 'BC Lietkabelis Panevezys'}]",2024-11-13T17:00:00,False,False,44,International,8,Basketball,4752,Eurocup,,,,,,,,601428,CS Universitatea Cluj-Napoca,42313,BC Lietkabelis Panevezys
6413051,Istanbul Region v Ljubljana,3,0,,,"[{'id': 850650, 'name': 'Istanbul Region'}, {'id': 341334, 'name': 'Ljubljana'}]",2024-11-13T09:49:00,False,False,44,International,1,Soccer,38363,UEFA Regions Cup,,,,,,,,850650,Istanbul Region,341334,Ljubljana
6407640,San Miguel Beermen v Taoyuan Pilots,3,0,,,"[{'id': 54788, 'name': 'San Miguel Beermen'}, {'id': 259871, 'name': 'Taoyuan Pilots'}]",2024-11-13T10:10:00,False,False,44,International,8,Basketball,49548,East Asia Super League,,,,,,,,54788,San Miguel Beermen,259871,Taoyuan Pilots
6403654,Besiktas JK v CB Gran Canaria,1,0,,,"[{'id': 54116, 'name': 'Besiktas JK'}, {'id': 42801, 'name': 'CB Gran Canaria'}]",2024-11-13T17:00:00,False,False,44,International,8,Basketball,4752,Eurocup,,,,,,,,54116,Besiktas JK,42801,CB Gran Canaria
6214051,Partizan Beograd Nis v FC Barcelona,1,0,,,"[{'id': 44219, 'name': 'Partizan Beograd Nis'}, {'id': 39609, 'name': 'FC Barcelona'}]",2024-11-13T17:00:00,False,False,44,International,8,Basketball,4276,Euroleague,,,,,,,,44219,Partizan Beograd Nis,39609,FC Barcelona
6413015,Canadian Beavers v German Beerman,3,0,,,"[{'id': 807398, 'name': 'Canadian Beavers'}, {'id': 807401, 'name': 'German Beerman'}]",2024-11-13T10:10:00,False,False,44,International,11,Volleyball,101016,World Amateur League,,,,,,,,807398,Canadian Beavers,807401,German Beerman
6402477,Hit Nova Gorica v Regio Zwolle Volleyball,1,0,,,"[{'id': 49205, 'name': 'Hit Nova Gorica'}, {'id': 69617, 'name': 'Regio Zwolle Volleyball'}]",2024-11-13T18:00:00,False,False,44,International,11,Volleyball,5693,Challenge Cup Women,,,,,,,,49205,Hit Nova Gorica,69617,Regio Zwolle Volleyball
6214228,Frata Nardo v Basket Torino,1,0,,,"[{'id': 64087, 'name': 'Frata Nardo'}, {'id': 63014, 'name': 'Basket Torino'}]",2024-11-13T19:30:00,False,False,22,Italy,8,Basketball,5778,Serie A2,,,,,,,,64087,Frata Nardo,63014,Basket Torino
6214074,Keravnos Strovolou Nicosia v AEK Larnaca,1,0,,,"[{'id': 42345, 'name': 'Keravnos Strovolou Nicosia'}, {'id': 57454, 'name': 'AEK Larnaca'}]",2024-11-13T17:30:00,False,False,44,International,8,Basketball,6480,Europe Cup,,,,,,,,42345,Keravnos Strovolou Nicosia,57454,AEK Larnaca
6402471,TS Volley Duedingen v VC Kanti Schaffhausen,1,0,,,"[{'id': 52655, 'name': 'TS Volley Duedingen'}, {'id': 52654, 'name': 'VC Kanti Schaffhausen'}]",2024-11-13T19:00:00,False,False,44,International,11,Volleyball,5693,Challenge Cup Women,,,,,,,,52655,TS Volley Duedingen,52654,VC Kanti Schaffhausen
6214192,Reyer Venezia v Turk Telekom,1,0,,,"[{'id': 38872, 'name': 'Reyer Venezia'}, {'id': 42315, 'name': 'Turk Telekom'}]",2024-11-13T19:00:00,False,False,44,International,8,Basketball,4752,Eurocup,,,,,,,,38872,Reyer Venezia,42315,Turk Telekom
6219186,Furth II vs Ansbach,1,0,,,"[{'id': 19915, 'name': 'SpVgg Greuther Furth II'}, {'id': 25999, 'name': 'SpVgg Ansbach'}]",2024-11-13T17:30:00,False,False,1,Germany,1,Soccer,2585,Regionalliga Bavaria,,,,,3853406,,5446256,19915,SpVgg Greuther Furth II,25999,SpVgg Ansbach
6409067,Volley Menen v VC Reshetylivka,1,0,,,"[{'id': 48219, 'name': 'Volley Menen'}, {'id': 54767, 'name': 'VC Reshetylivka'}]",2024-11-13T19:30:00,False,False,44,International,11,Volleyball,4929,Challenge Cup,,,,,,,,48219,Volley Menen,54767,VC Reshetylivka
6214136,Club Joventut Badalona v KK Buducnost Voli,1,0,,,"[{'id': 43273, 'name': 'Club Joventut Badalona'}, {'id': 44204, 'name': 'KK Buducnost Voli'}]",2024-11-13T19:30:00,False,False,44,International,8,Basketball,4752,Eurocup,,,,,,,,43273,Club Joventut Badalona,44204,KK Buducnost Voli
6109858,TSV Giesen Grizzlys v Fenerbahce SK Istanbul,1,0,,,"[{'id': 47302, 'name': 'TSV Giesen Grizzlys'}, {'id': 45331, 'name': 'Fenerbahce SK Istanbul'}]",2024-11-13T19:00:00,False,False,44,International,11,Volleyball,4784,Champions League,,,,,,,,47302,TSV Giesen Grizzlys,45331,Fenerbahce SK Istanbul
6402470,PVK Olymp Praha v CSM Targoviste,1,0,,,"[{'id': 46710, 'name': 'PVK Olymp Praha'}, {'id': 59732, 'name': 'CSM Targoviste'}]",2024-11-13T17:00:00,False,False,44,International,11,Volleyball,5693,Challenge Cup Women,,,,,,,,46710,PVK Olymp Praha,59732,CSM Targoviste
6213859,Ratiopharm Ulm v Bahcesehir Koleji,1,0,,,"[{'id': 49161, 'name': 'Ratiopharm Ulm'}, {'id': 43226, 'name': 'Bahcesehir Koleji'}]",2024-11-13T18:00:00,False,False,44,International,8,Basketball,4752,Eurocup,,,,,,,,49161,Ratiopharm Ulm,43226,Bahcesehir Koleji
6214501,Telekom Baskets Bonn v Maccabi Urban Ramat Gan,1,0,,,"[{'id': 42332, 'name': 'Telekom Baskets Bonn'}, {'id': 64682, 'name': 'Maccabi Urban Ramat Gan'}]",2024-11-13T19:00:00,False,False,44,International,8,Basketball,4335,Champions League,,,,,,,,42332,Telekom Baskets Bonn,64682,Maccabi Urban Ramat Gan
6214056,Alba Fehervar v BC Kalev,1,0,,,"[{'id': 52589, 'name': 'Alba Fehervar'}, {'id': 47630, 'name': 'BC Kalev'}]",2024-11-13T17:00:00,False,False,44,International,8,Basketball,6480,Europe Cup,,,,,,,,52589,Alba Fehervar,47630,BC Kalev
6325979,Japan v Australia,3,0,,,"[{'id': 373092, 'name': 'Japan'}, {'id': 373091, 'name': 'Australia'}]",2024-11-13T10:00:00,False,False,44,International,7,Baseball,104222,WBSC Premier 12,,,,,,,,373092,Japan,373091,Australia
6402473,Levski Volley v Apollo 8,1,0,,,"[{'id': 349561, 'name': 'Levski Volley'}, {'id': 54393, 'name': 'Apollo 8'}]",2024-11-13T17:00:00,False,False,44,International,11,Volleyball,5693,Challenge Cup Women,,,,,,,,349561,Levski Volley,54393,Apollo 8
6401643,Pafiakos Pafos v Lindemans Aalst,1,0,,,"[{'id': 60696, 'name': 'Pafiakos Pafos'}, {'id': 50134, 'name': 'Lindemans Aalst'}]",2024-11-13T17:30:00,False,False,44,International,11,Volleyball,5573,CEV Cup,,,,,,,,60696,Pafiakos Pafos,50134,Lindemans Aalst
6214015,Derthona Basket v Benfica Lisboa,1,0,,,"[{'id': 40312, 'name': 'Derthona Basket'}, {'id': 42342, 'name': 'Benfica Lisboa'}]",2024-11-13T19:30:00,False,False,44,International,8,Basketball,4335,Champions League,,,,,,,,40312,Derthona Basket,42342,Benfica Lisboa
6225235,Vc Limax v CS Dinamo Bucuresti,1,0,,,"[{'id': 558141, 'name': 'Vc Limax'}, {'id': 60607, 'name': 'CS Dinamo Bucuresti'}]",2024-11-13T19:00:00,False,False,44,International,11,Volleyball,4929,Challenge Cup,,,,,,,,558141,Vc Limax,60607,CS Dinamo Bucuresti
6405994,Den Bosch Basketball v Leuven Bears,1,0,,,"[{'id': 47705, 'name': 'Den Bosch Basketball'}, {'id': 47706, 'name': 'Leuven Bears'}]",2024-11-13T19:00:00,False,False,44,International,8,Basketball,22768,BNXT League,,,,,,,,47705,Den Bosch Basketball,47706,Leuven Bears
6214166,UCC Piacenza v Ueb Cividale,1,0,,,"[{'id': 63979, 'name': 'UCC Piacenza'}, {'id': 69560, 'name': 'Ueb Cividale'}]",2024-11-13T19:30:00,False,False,22,Italy,8,Basketball,5778,Serie A2,,,,,,,,63979,UCC Piacenza,69560,Ueb Cividale
6226188,Volley Schonenwerd v Tours Volley-Ball,1,0,,,"[{'id': 52948, 'name': 'Volley Schonenwerd'}, {'id': 47508, 'name': 'Tours Volley-Ball'}]",2024-11-13T18:30:00,False,False,44,International,11,Volleyball,5573,CEV Cup,,,,,,,,52948,Volley Schonenwerd,47508,Tours Volley-Ball
6225382,Cv Guaguas v TSV Volksbank Hartberg,1,0,,,"[{'id': 52915, 'name': 'Cv Guaguas'}, {'id': 832562, 'name': 'TSV Volksbank Hartberg'}]",2024-11-13T19:00:00,False,False,44,International,11,Volleyball,5573,CEV Cup,,,,,,,,52915,Cv Guaguas,832562,TSV Volksbank Hartberg
6226232,Panathinaikos v Tourcoing Lille Metropole,1,0,,,"[{'id': 57248, 'name': 'Panathinaikos'}, {'id': 49344, 'name': 'Tourcoing Lille Metropole'}]",2024-11-13T16:00:00,False,False,44,International,11,Volleyball,4929,Challenge Cup,,,,,,,,57248,Panathinaikos,49344,Tourcoing Lille Metropole
6401642,Selver/Taltech v Rapid Bucharesti,1,0,,,"[{'id': 362159, 'name': 'Selver/Taltech'}, {'id': 165790, 'name': 'Rapid Bucharesti'}]",2024-11-13T16:00:00,False,False,44,International,11,Volleyball,5573,CEV Cup,,,,,,,,362159,Selver/Taltech,165790,Rapid Bucharesti
6225428,Akaa Volley v Panvita Pomgrad,1,0,,,"[{'id': 52761, 'name': 'Akaa Volley'}, {'id': 51791, 'name': 'Panvita Pomgrad'}]",2024-11-13T16:30:00,False,False,44,International,11,Volleyball,4929,Challenge Cup,,,,,,,,52761,Akaa Volley,51791,Panvita Pomgrad
6225666,Perugia Umbria Volley v Vk Jihostroj Ceske Budejovice,1,0,,,"[{'id': 46827, 'name': 'Perugia Umbria Volley'}, {'id': 46029, 'name': 'Vk Jihostroj Ceske Budejovice'}]",2024-11-13T19:30:00,False,False,44,International,11,Volleyball,4784,Champions League,,,,,,,,46827,Perugia Umbria Volley,46029,Vk Jihostroj Ceske Budejovice
6214036,Unelco Tenerife v Saint Quentin,1,0,,,"[{'id': 262110, 'name': 'Unelco Tenerife'}, {'id': 54177, 'name': 'Saint Quentin'}]",2024-11-13T20:00:00,False,False,44,International,8,Basketball,4335,Champions League,,,,,,,,262110,Unelco Tenerife,54177,Saint Quentin
6145638,Vasas SC v Fenerbahce Istanbul,1,0,,,"[{'id': 49340, 'name': 'Vasas SC'}, {'id': 46829, 'name': 'Fenerbahce Istanbul'}]",2024-11-13T17:30:00,False,False,44,International,11,Volleyball,4638,Champions League Women,,,,,,,,49340,Vasas SC,46829,Fenerbahce Istanbul
6214114,Szolnoki Olaj Kk v PAOK BC,1,0,,,"[{'id': 52722, 'name': 'Szolnoki Olaj Kk'}, {'id': 42329, 'name': 'PAOK BC'}]",2024-11-13T17:00:00,False,False,44,International,8,Basketball,6480,Europe Cup,,,,,,,,52722,Szolnoki Olaj Kk,42329,PAOK BC
6219323,Liberia v Togo,1,0,,,"[{'id': 20284, 'name': 'Liberia'}, {'id': 20281, 'name': 'Togo'}]",2024-11-13T16:00:00,False,False,44,International,1,Soccer,471,Africa Cup of Nations,,,,,,,,20284,Liberia,20281,Togo
6240650,Sparta Prague v Ocelari Trinec,1,0,,,"[{'id': 40255, 'name': 'Sparta Prague'}, {'id': 40253, 'name': 'Ocelari Trinec'}]",2024-11-13T17:00:00,False,False,44,International,6,Ice Hockey,4369,Champions Hockey League,,,,,,,,40255,Sparta Prague,40253,Ocelari Trinec
6225504,Turk Hava Yollari v Gerceg-Novy W,1,0,,,"[{'id': 46209, 'name': 'Turk Hava Yollari'}, {'id': 829541, 'name': 'Gerceg-Novy W'}]",2024-11-13T16:00:00,False,False,44,International,11,Volleyball,5574,CEV Cup Women,,,,,,,,46209,Turk Hava Yollari,829541,Gerceg-Novy W
6225561,Tchalou Volley v Asterix Kieldrecht,1,0,,,"[{'id': 65636, 'name': 'Tchalou Volley'}, {'id': 152339, 'name': 'Asterix Kieldrecht'}]",2024-11-13T19:00:00,False,False,44,International,11,Volleyball,5574,CEV Cup Women,,,,,,,,65636,Tchalou Volley,152339,Asterix Kieldrecht
6406396,Bursaspor v BK Levicki Patrioti,1,0,,,"[{'id': 47578, 'name': 'Bursaspor'}, {'id': 51184, 'name': 'BK Levicki Patrioti'}]",2024-11-13T17:30:00,False,False,44,International,8,Basketball,6480,Europe Cup,,,,,,,,47578,Bursaspor,51184,BK Levicki Patrioti
6325981,Chinese Taipei v Republic of Korea,3,0,,,"[{'id': 373089, 'name': 'Chinese Taipei'}, {'id': 373093, 'name': 'Republic of Korea'}]",2024-11-13T10:30:00,False,False,44,International,7,Baseball,104222,WBSC Premier 12,,,,,,,,373089,Chinese Taipei,373093,Republic of Korea
6214039,Benedetto Xiv Cento v Juvi Cremona 1952,1,0,,,"[{'id': 63019, 'name': 'Benedetto Xiv Cento'}, {'id': 69559, 'name': 'Juvi Cremona 1952'}]",2024-11-13T19:30:00,False,False,22,Italy,8,Basketball,5778,Serie A2,,,,,,,,63019,Benedetto Xiv Cento,69559,Juvi Cremona 1952
6406609,BK Inter Bratislava v Brose Bamberg,1,0,,,"[{'id': 42348, 'name': 'BK Inter Bratislava'}, {'id': 42326, 'name': 'Brose Bamberg'}]",2024-11-13T17:00:00,False,False,44,International,8,Basketball,47286,North European Basketball League,,,,,,,,42348,BK Inter Bratislava,42326,Brose Bamberg
6396696,Valmiera Glass Via v BK Ogre,1,0,,,"[{'id': 52836, 'name': 'Valmiera Glass Via'}, {'id': 47505, 'name': 'BK Ogre'}]",2024-11-13T17:00:00,False,False,44,International,8,Basketball,5067,Estonian-Latvian League,,,,,,,,52836,Valmiera Glass Via,47505,BK Ogre
6407639,Meralco Bolts v KCC Egis,1,0,,,"[{'id': 54656, 'name': 'Meralco Bolts'}, {'id': 52056, 'name': 'KCC Egis'}]",2024-11-13T12:10:00,False,False,44,International,8,Basketball,49548,East Asia Super League,,,,,,,,54656,Meralco Bolts,52056,KCC Egis
6225653,Jekabpils Juniors v Aons Milonas,1,0,,,"[{'id': 530917, 'name': 'Jekabpils Juniors'}, {'id': 57249, 'name': 'Aons Milonas'}]",2024-11-13T17:30:00,False,False,44,International,11,Volleyball,5573,CEV Cup,,,,,,,,530917,Jekabpils Juniors,57249,Aons Milonas
6407163,KK Gorica v KK Siroki,1,0,,,"[{'id': 48350, 'name': 'KK Gorica'}, {'id': 57398, 'name': 'KK Siroki'}]",2024-11-13T17:00:00,False,False,44,International,8,Basketball,5666,ABA Liga 2,,,,,,,,48350,KK Gorica,57398,KK Siroki
6214007,BC Kutaisi v Balkan Botevgrad,1,0,,,"[{'id': 53447, 'name': 'BC Kutaisi'}, {'id': 42353, 'name': 'Balkan Botevgrad'}]",2024-11-13T16:00:00,False,False,44,International,8,Basketball,6480,Europe Cup,,,,,,,,53447,BC Kutaisi,42353,Balkan Botevgrad
6402469,Zok Ub v SC Potsdam,1,0,,,"[{'id': 48205, 'name': 'Zok Ub'}, {'id': 47305, 'name': 'SC Potsdam'}]",2024-11-13T18:00:00,False,False,44,International,11,Volleyball,5693,Challenge Cup Women,,,,,,,,48205,Zok Ub,47305,SC Potsdam
6225005,LKS Lodz v CV Gran Canaria,1,0,,,"[{'id': 47565, 'name': 'LKS Lodz'}, {'id': 47359, 'name': 'CV Gran Canaria'}]",2024-11-13T17:00:00,False,False,44,International,11,Volleyball,5574,CEV Cup Women,,,,,,,,47565,LKS Lodz,47359,CV Gran Canaria
6214088,Maroussi v Spirou Charleroi,1,0,,,"[{'id': 386697, 'name': 'Maroussi'}, {'id': 60666, 'name': 'Spirou Charleroi'}]",2024-11-13T18:15:00,False,False,44,International,8,Basketball,6480,Europe Cup,,,,,,,,386697,Maroussi,60666,Spirou Charleroi
6214247,BC AEK Athens v Vef Riga,1,0,,,"[{'id': 42317, 'name': 'BC AEK Athens'}, {'id': 42327, 'name': 'Vef Riga'}]",2024-11-13T17:30:00,False,False,44,International,8,Basketball,4335,Champions League,,,,,,,,42317,BC AEK Athens,42327,Vef Riga
6402476,OK Marina Kastela v Olympiacos Piraeus,1,0,,,"[{'id': 52320, 'name': 'OK Marina Kastela'}, {'id': 52741, 'name': 'Olympiacos Piraeus'}]",2024-11-13T17:00:00,False,False,44,International,11,Volleyball,5693,Challenge Cup Women,,,,,,,,52320,OK Marina Kastela,52741,Olympiacos Piraeus
6214027,Fribourg Olympic v Antwerp Giants,1,0,,,"[{'id': 42343, 'name': 'Fribourg Olympic'}, {'id': 42318, 'name': 'Antwerp Giants'}]",2024-11-13T18:00:00,False,False,44,International,8,Basketball,6480,Europe Cup,,,,,,,,42343,Fribourg Olympic,42318,Antwerp Giants
6401640,Lausanne UC v Draisma Dynamo,1,0,,,"[{'id': 52671, 'name': 'Lausanne UC'}, {'id': 49928, 'name': 'Draisma Dynamo'}]",2024-11-13T18:00:00,False,False,44,International,11,Volleyball,5573,CEV Cup,,,,,,,,52671,Lausanne UC,49928,Draisma Dynamo
6325980,Cuba v Dominican Republic,3,0,,,"[{'id': 90665, 'name': 'Cuba'}, {'id': 71731, 'name': 'Dominican Republic'}]",2024-11-13T10:30:00,False,False,44,International,7,Baseball,104222,WBSC Premier 12,,,,,,,,90665,Cuba,71731,Dominican Republic
6225390,Halkbank Ankara v St. Nazaire VB,1,0,,,"[{'id': 44631, 'name': 'Halkbank Ankara'}, {'id': 57393, 'name': 'St. Nazaire VB'}]",2024-11-13T15:00:00,False,False,44,International,11,Volleyball,4784,Champions League,,,,,,,,44631,Halkbank Ankara,57393,St. Nazaire VB
6109859,Power Volley Milano v Knack Roeselare,1,0,,,"[{'id': 46741, 'name': 'Power Volley Milano'}, {'id': 47664, 'name': 'Knack Roeselare'}]",2024-11-13T17:30:00,False,False,44,International,11,Volleyball,4784,Champions League,,,,,,,,46741,Power Volley Milano,47664,Knack Roeselare
6401091,Warta Zawiercie v Tirol Innsbruck,1,0,,,"[{'id': 40472, 'name': 'Warta Zawiercie'}, {'id': 147714, 'name': 'Tirol Innsbruck'}]",2024-11-13T17:00:00,False,False,44,International,11,Volleyball,4784,Champions League,,,,,,,,40472,Warta Zawiercie,147714,Tirol Innsbruck
6225702,MTV Stuttgart v Pallavolo Scandicci,1,0,,,"[{'id': 52434, 'name': 'MTV Stuttgart'}, {'id': 37872, 'name': 'Pallavolo Scandicci'}]",2024-11-13T18:00:00,False,False,44,International,11,Volleyball,4638,Champions League Women,,,,,,,,52434,MTV Stuttgart,37872,Pallavolo Scandicci
6214022,Anorthosis Famagusta v Basket Zaragoza 2002,1,0,,,"[{'id': 89155, 'name': 'Anorthosis Famagusta'}, {'id': 42333, 'name': 'Basket Zaragoza 2002'}]",2024-11-13T18:00:00,False,False,44,International,8,Basketball,6480,Europe Cup,,,,,,,,89155,Anorthosis Famagusta,42333,Basket Zaragoza 2002
6213999,Hapoel Jerusalem v JL Bourg Basket,1,0,,,"[{'id': 42319, 'name': 'Hapoel Jerusalem'}, {'id': 47380, 'name': 'JL Bourg Basket'}]",2024-11-13T18:00:00,False,False,44,International,8,Basketball,4752,Eurocup,,,,,,,,42319,Hapoel Jerusalem,47380,JL Bourg Basket
6226214,Cso Voluntari 2005 v Bks Bielsko-Biala,1,0,,,"[{'id': 59538, 'name': 'Cso Voluntari 2005'}, {'id': 47564, 'name': 'Bks Bielsko-Biala'}]",2024-11-13T19:00:00,False,False,44,International,11,Volleyball,4638,Champions League Women,,,,,,,,59538,Cso Voluntari 2005,47564,Bks Bielsko-Biala
6375202,Namibia v Cameroon,1,0,,,"[{'id': 20279, 'name': 'Namibia'}, {'id': 21374, 'name': 'Cameroon'}]",2024-11-13T13:00:00,False,False,44,International,1,Soccer,471,Africa Cup of Nations,,,,,,,,20279,Namibia,21374,Cameroon
6219453,Chad v Sierra Leone,1,0,,,"[{'id': 20288, 'name': 'Chad'}, {'id': 20273, 'name': 'Sierra Leone'}]",2024-11-13T19:00:00,False,False,44,International,1,Soccer,471,Africa Cup of Nations,,,,,,,,20288,Chad,20273,Sierra Leone
6406487,Norrkoping Dolphins v Sabah,1,0,,,"[{'id': 57452, 'name': 'Norrkoping Dolphins'}, {'id': 373543, 'name': 'Sabah'}]",2024-11-13T18:00:00,False,False,44,International,8,Basketball,6480,Europe Cup,,,,,,,,57452,Norrkoping Dolphins,373543,Sabah
6401632,CSM Corona Brasov v Ok Vojvodina Novi Sad,1,0,,,"[{'id': 538146, 'name': 'CSM Corona Brasov'}, {'id': 38941, 'name': 'Ok Vojvodina Novi Sad'}]",2024-11-13T16:00:00,False,False,44,International,11,Volleyball,5573,CEV Cup,,,,,,,,538146,CSM Corona Brasov,38941,Ok Vojvodina Novi Sad
6240646,Sheffield Steelers v Eisbaren Berlin,1,0,,,"[{'id': 80722, 'name': 'Sheffield Steelers'}, {'id': 40333, 'name': 'Eisbaren Berlin'}]",2024-11-13T19:00:00,False,False,44,International,6,Ice Hockey,4369,Champions Hockey League,,,,,,,,80722,Sheffield Steelers,40333,Eisbaren Berlin
6109860,Jastrzebski Wegiel v Levski Sofia,1,0,,,"[{'id': 42452, 'name': 'Jastrzebski Wegiel'}, {'id': 52567, 'name': 'Levski Sofia'}]",2024-11-13T19:30:00,False,False,44,International,11,Volleyball,4784,Champions League,,,,,,,,42452,Jastrzebski Wegiel,52567,Levski Sofia
6407694,Bangladesh v Maldives,1,0,,,"[{'id': 20533, 'name': 'Bangladesh'}, {'id': 20523, 'name': 'Maldives'}]",2024-11-13T12:00:00,False,False,44,International,1,Soccer,703,Int. Friendly Games,,,,,,,,20533,Bangladesh,20523,Maldives
6401644,Orion Doetinchem v Resovia Rzeszow,1,0,,,"[{'id': 70321, 'name': 'Orion Doetinchem'}, {'id': 42459, 'name': 'Resovia Rzeszow'}]",2024-11-13T19:00:00,False,False,44,International,11,Volleyball,5573,CEV Cup,,,,,,,,70321,Orion Doetinchem,42459,Resovia Rzeszow
6402472,Unicaja Andalucia Vb v Panathinaikos Athens,1,0,,,"[{'id': 840642, 'name': 'Unicaja Andalucia Vb'}, {'id': 51298, 'name': 'Panathinaikos Athens'}]",2024-11-13T18:30:00,False,False,44,International,11,Volleyball,5693,Challenge Cup Women,,,,,,,,840642,Unicaja Andalucia Vb,51298,Panathinaikos Athens
6402509,Chieri 76 Volleyball v Cv Sant Cugat,1,0,,,"[{'id': 48727, 'name': 'Chieri 76 Volleyball'}, {'id': 51848, 'name': 'Cv Sant Cugat'}]",2024-11-13T19:00:00,False,False,44,International,11,Volleyball,5693,Challenge Cup Women,,,,,,,,48727,Chieri 76 Volleyball,51848,Cv Sant Cugat
6225642,CS Arcada Galati v Trentino Volley,1,0,,,"[{'id': 50069, 'name': 'CS Arcada Galati'}, {'id': 46825, 'name': 'Trentino Volley'}]",2024-11-13T16:00:00,False,False,44,International,11,Volleyball,5573,CEV Cup,,,,,,,,50069,CS Arcada Galati,46825,Trentino Volley
6402504,Post Schwechat v Aesch Pfeffingen,1,0,,,"[{'id': 47327, 'name': 'Post Schwechat'}, {'id': 52653, 'name': 'Aesch Pfeffingen'}]",2024-11-13T18:00:00,False,False,44,International,11,Volleyball,5693,Challenge Cup Women,,,,,,,,47327,Post Schwechat,52653,Aesch Pfeffingen
6406001,Donar Groningen v Yoast United,1,0,,,"[{'id': 42341, 'name': 'Donar Groningen'}, {'id': 52745, 'name': 'Yoast United'}]",2024-11-13T18:30:00,False,False,44,International,8,Basketball,22768,BNXT League,,,,,,,,42341,Donar Groningen,52745,Yoast United
6225461,Vk Dukla Liberec v Radomka Radom,1,0,,,"[{'id': 46382, 'name': 'Vk Dukla Liberec'}, {'id': 47560, 'name': 'Radomka Radom'}]",2024-11-13T17:00:00,False,False,44,International,11,Volleyball,5574,CEV Cup Women,,,,,,,,46382,Vk Dukla Liberec,47560,Radomka Radom
6213905,Abc Athletic Constanta v Cholet Basket,1,0,,,"[{'id': 56992, 'name': 'Abc Athletic Constanta'}, {'id': 39004, 'name': 'Cholet Basket'}]",2024-11-13T18:30:00,False,False,44,International,8,Basketball,6480,Europe Cup,,,,,,,,56992,Abc Athletic Constanta,39004,Cholet Basket
6226179,Dresdner SC v Vandoeuvre Nancy Volley Ball,1,0,,,"[{'id': 44030, 'name': 'Dresdner SC'}, {'id': 48850, 'name': 'Vandoeuvre Nancy Volley Ball'}]",2024-11-13T18:00:00,False,False,44,International,11,Volleyball,5574,CEV Cup Women,,,,,,,,44030,Dresdner SC,48850,Vandoeuvre Nancy Volley Ball
6225667,TI Volley v Linamar Bekescsaba,1,0,,,"[{'id': 47333, 'name': 'TI Volley'}, {'id': 53953, 'name': 'Linamar Bekescsaba'}]",2024-11-13T18:00:00,False,False,44,International,11,Volleyball,5574,CEV Cup Women,,,,,,,,47333,TI Volley,53953,Linamar Bekescsaba
6225267,SSC Schwerin v Eczacibasi Istanbul,1,0,,,"[{'id': 51310, 'name': 'SSC Schwerin'}, {'id': 46833, 'name': 'Eczacibasi Istanbul'}]",2024-11-13T17:00:00,False,False,44,International,11,Volleyball,4638,Champions League Women,,,,,,,,51310,SSC Schwerin,46833,Eczacibasi Istanbul
6225720,Svg Luneburg v Chaumont 52,1,0,,,"[{'id': 44028, 'name': 'Svg Luneburg'}, {'id': 47665, 'name': 'Chaumont 52'}]",2024-11-13T18:00:00,False,False,44,International,11,Volleyball,4784,Champions League,,,,,,,,44028,Svg Luneburg,47665,Chaumont 52
6225674,Cv San Roque Batan v PAOK Thessaloniki,1,0,,,"[{'id': 375762, 'name': 'Cv San Roque Batan'}, {'id': 57377, 'name': 'PAOK Thessaloniki'}]",2024-11-13T19:00:00,False,False,44,International,11,Volleyball,4929,Challenge Cup,,,,,,,,375762,Cv San Roque Batan,57377,PAOK Thessaloniki
6409099,Tj Czu Praha v Black Volley Beskydy,1,0,,,"[{'id': 339441, 'name': 'Tj Czu Praha'}, {'id': 46033, 'name': 'Black Volley Beskydy'}]",2024-11-13T17:00:00,False,False,44,International,11,Volleyball,5573,CEV Cup,,,,,,,,339441,Tj Czu Praha,46033,Black Volley Beskydy
6214098,Falco KC-Szombathely v BC Rytas Vilnius,1,0,,,"[{'id': 42334, 'name': 'Falco KC-Szombathely'}, {'id': 45416, 'name': 'BC Rytas Vilnius'}]",2024-11-13T17:00:00,False,False,44,International,8,Basketball,4335,Champions League,,,,,,,,42334,Falco KC-Szombathely,45416,BC Rytas Vilnius
6407633,Tajikistan v Nepal,1,0,,,"[{'id': 20531, 'name': 'Tajikistan'}, {'id': 20532, 'name': 'Nepal'}]",2024-11-13T13:00:00,False,False,44,International,1,Soccer,703,Int. Friendly Games,,,,,,,,20531,Tajikistan,20532,Nepal
6214182,BCMU Pitesti v CSM CSU Oradea,1,0,,,"[{'id': 56835, 'name': 'BCMU Pitesti'}, {'id': 42351, 'name': 'CSM CSU Oradea'}]",2024-11-13T17:00:00,False,False,44,International,8,Basketball,6480,Europe Cup,,,,,,,,56835,BCMU Pitesti,42351,CSM CSU Oradea
6214119,Sporting Cp v Anwil Wroclawek,1,0,,,"[{'id': 42357, 'name': 'Sporting Cp'}, {'id': 40317, 'name': 'Anwil Wroclawek'}]",2024-11-13T19:30:00,False,False,44,International,8,Basketball,6480,Europe Cup,,,,,,,,42357,Sporting Cp,40317,Anwil Wroclawek
6407160,GKK Sibenik v Kk Borac Banja Luka,1,0,,,"[{'id': 49374, 'name': 'GKK Sibenik'}, {'id': 48573, 'name': 'Kk Borac Banja Luka'}]",2024-11-13T19:00:00,False,False,44,International,8,Basketball,5666,ABA Liga 2,,,,,,,,49374,GKK Sibenik,48573,Kk Borac Banja Luka
6213948,JDA Dijon Basket v MHP Riesen Ludwigsburg,1,0,,,"[{'id': 40102, 'name': 'JDA Dijon Basket'}, {'id': 50393, 'name': 'MHP Riesen Ludwigsburg'}]",2024-11-13T19:00:00,False,False,44,International,8,Basketball,6480,Europe Cup,,,,,,,,40102,JDA Dijon Basket,50393,MHP Riesen Ludwigsburg
6214067,Bilbao Basket v BC Prievidza,1,0,,,"[{'id': 46243, 'name': 'Bilbao Basket'}, {'id': 51185, 'name': 'BC Prievidza'}]",2024-11-13T19:00:00,False,False,44,International,8,Basketball,6480,Europe Cup,,,,,,,,46243,Bilbao Basket,51185,BC Prievidza
6214273,Libertas Livorno v US Victoria Libertas,1,0,,,"[{'id': 68582, 'name': 'Libertas Livorno'}, {'id': 37914, 'name': 'US Victoria Libertas'}]",2024-11-13T19:45:00,False,False,22,Italy,8,Basketball,5778,Serie A2,,,,,,,,68582,Libertas Livorno,37914,US Victoria Libertas
6398203,APU Udine v Unieuro Forli,1,0,,,"[{'id': 63016, 'name': 'APU Udine'}, {'id': 63017, 'name': 'Unieuro Forli'}]",2024-11-13T19:30:00,False,False,22,Italy,8,Basketball,5778,Serie A2,,,,,,,,63016,APU Udine,63017,Unieuro Forli
6214087,Cantu v Fortitudo Bologna 103,1,0,,,"[{'id': 38864, 'name': 'Cantu'}, {'id': 38868, 'name': 'Fortitudo Bologna 103'}]",2024-11-13T19:45:00,False,False,22,Italy,8,Basketball,5778,Serie A2,,,,,,,,38864,Cantu,38868,Fortitudo Bologna 103
6214112,Rinascita Basket Rimini v SS Felice Scandone,1,0,,,"[{'id': 63652, 'name': 'Rinascita Basket Rimini'}, {'id': 62895, 'name': 'SS Felice Scandone'}]",2024-11-13T20:00:00,False,False,22,Italy,8,Basketball,5778,Serie A2,,,,,,,,63652,Rinascita Basket Rimini,62895,SS Felice Scandone
6225200,Mcm Diamant Kaposvar v Cv Haris,1,0,,,"[{'id': 52371, 'name': 'Mcm Diamant Kaposvar'}, {'id': 47360, 'name': 'Cv Haris'}]",2024-11-13T17:00:00,False,False,44,International,11,Volleyball,5574,CEV Cup Women,,,,,,,,52371,Mcm Diamant Kaposvar,47360,Cv Haris
6213925,Paris Basketball v BC Zalgiris Kaunas,1,0,,,"[{'id': 49761, 'name': 'Paris Basketball'}, {'id': 39608, 'name': 'BC Zalgiris Kaunas'}]",2024-11-13T19:30:00,False,False,44,International,8,Basketball,4276,Euroleague,,,,,,,,49761,Paris Basketball,39608,BC Zalgiris Kaunas
6409861,CF Pozuelo de Alarcon v UDG Tenerife Sur II W,1,0,,,"[{'id': 161890, 'name': 'CF Pozuelo de Alarcon'}, {'id': 90789, 'name': 'UDG Tenerife Sur II W'}]",2024-11-13T15:00:00,False,False,23,Spain,1,Soccer,5903,Segunda Divisi√≥n Femenina,,,,,,,,161890,CF Pozuelo de Alarcon,90789,UDG Tenerife Sur II W
6214189,Basketball Lowen Braunschweig v Tofas Bursa,1,0,,,"[{'id': 50401, 'name': 'Basketball Lowen Braunschweig'}, {'id': 43033, 'name': 'Tofas Bursa'}]",2024-11-13T19:00:00,False,False,44,International,8,Basketball,6480,Europe Cup,,,,,,,,50401,Basketball Lowen Braunschweig,43033,Tofas Bursa
6396700,BC Tartu v Rapla Kk/Kohila,1,0,,,"[{'id': 52171, 'name': 'BC Tartu'}, {'id': 522713, 'name': 'Rapla Kk/Kohila'}]",2024-11-13T17:00:00,False,False,44,International,8,Basketball,5067,Estonian-Latvian League,,,,,,,,52171,BC Tartu,522713,Rapla Kk/Kohila
6396704,Latvijas Universitate/ Bs Riga v BK Ventspils,1,0,,,"[{'id': 157412, 'name': 'Latvijas Universitate/ Bs Riga'}, {'id': 42339, 'name': 'BK Ventspils'}]",2024-11-13T16:30:00,False,False,44,International,8,Basketball,5067,Estonian-Latvian League,,,,,,,,157412,Latvijas Universitate/ Bs Riga,42339,BK Ventspils
6406481,Spojnia Stargard v Kk Parnu,1,0,,,"[{'id': 39216, 'name': 'Spojnia Stargard'}, {'id': 54360, 'name': 'Kk Parnu'}]",2024-11-13T18:00:00,False,False,44,International,8,Basketball,6480,Europe Cup,,,,,,,,39216,Spojnia Stargard,54360,Kk Parnu
6398204,Agribertocchi Orzinuovi v Elachem Vigevano 1955,1,0,,,"[{'id': 44318, 'name': 'Agribertocchi Orzinuovi'}, {'id': 69735, 'name': 'Elachem Vigevano 1955'}]",2024-11-13T19:30:00,False,False,22,Italy,8,Basketball,5778,Serie A2,,,,,,,,44318,Agribertocchi Orzinuovi,69735,Elachem Vigevano 1955
6213991,Real Sebastiani Rieti v Scaligera Basket Verona,1,0,,,"[{'id': 66411, 'name': 'Real Sebastiani Rieti'}, {'id': 63975, 'name': 'Scaligera Basket Verona'}]",2024-11-13T20:00:00,False,False,22,Italy,8,Basketball,5778,Serie A2,,,,,,,,66411,Real Sebastiani Rieti,63975,Scaligera Basket Verona
6219486,Lesotho v Central African Republic,1,0,,,"[{'id': 20283, 'name': 'Lesotho'}, {'id': 28155, 'name': 'Central African Republic'}]",2024-11-14T13:00:00,False,False,44,International,1,Soccer,471,Africa Cup of Nations,,,,,,,,20283,Lesotho,28155,Central African Republic
6219534,South Sudan v Congo,1,0,,,"[{'id': 20296, 'name': 'South Sudan'}, {'id': 164751, 'name': 'Congo'}]",2024-11-14T13:00:00,False,False,44,International,1,Soccer,471,Africa Cup of Nations,,,,,,,,20296,South Sudan,164751,Congo
6215123,Maccabi Tel-Aviv v BC Olympiakos Piraeus,1,0,,,"[{'id': 39605, 'name': 'Maccabi Tel-Aviv'}, {'id': 39603, 'name': 'BC Olympiakos Piraeus'}]",2024-11-14T18:00:00,False,False,44,International,8,Basketball,4276,Euroleague,,,,,,,,39605,Maccabi Tel-Aviv,39603,BC Olympiakos Piraeus
6223694,Qatar v Uzbekistan,1,0,,,"[{'id': 11983, 'name': 'Qatar'}, {'id': 21299, 'name': 'Uzbekistan'}]",2024-11-14T16:15:00,False,False,44,International,1,Soccer,8655,FIFA World Cup 2022,,,,,,,,11983,Qatar,21299,Uzbekistan
6214804,Bayern Munich v Alba Berlin,1,0,,,"[{'id': 39615, 'name': 'Bayern Munich'}, {'id': 39606, 'name': 'Alba Berlin'}]",2024-11-14T19:30:00,False,False,44,International,8,Basketball,4276,Euroleague,,,,,,,,39615,Bayern Munich,39606,Alba Berlin
6219507,Burundi v Malawi,1,0,,,"[{'id': 20275, 'name': 'Burundi'}, {'id': 20291, 'name': 'Malawi'}]",2024-11-14T15:00:00,False,False,44,International,1,Soccer,471,Africa Cup of Nations,,,,,,,,20275,Burundi,20291,Malawi
6221611,Oman v Palestine,1,0,,,"[{'id': 20522, 'name': 'Oman'}, {'id': 20521, 'name': 'Palestine'}]",2024-11-14T16:00:00,False,False,44,International,1,Soccer,8655,FIFA World Cup 2022,,,,,,,,20522,Oman,20521,Palestine
6407773,Laos v Malaysia,1,0,,,"[{'id': 20534, 'name': 'Laos'}, {'id': 20514, 'name': 'Malaysia'}]",2024-11-14T12:30:00,False,False,44,International,1,Soccer,703,Int. Friendly Games,,,,,,,,20534,Laos,20514,Malaysia
6218363,Paraguay vs. Argentina,1,0,,,"[{'id': 11976, 'name': 'Paraguay'}, {'id': 11974, 'name': 'Argentina'}]",2024-11-14T23:30:00,False,False,44,International,1,Soccer,8655,FIFA World Cup 2022,,,,,,,,11976,Paraguay,11974,Argentina
6221405,United Arab Emirates v Kyrgyzstan,1,0,,,"[{'id': 100131, 'name': 'United Arab Emirates'}, {'id': 20511, 'name': 'Kyrgyzstan'}]",2024-11-14T16:15:00,False,False,44,International,1,Soccer,8655,FIFA World Cup 2022,,,,,,,,100131,United Arab Emirates,20511,Kyrgyzstan
6219401,Rwanda v Libya,1,0,,,"[{'id': 20286, 'name': 'Rwanda'}, {'id': 23854, 'name': 'Libya'}]",2024-11-14T16:00:00,False,False,44,International,1,Soccer,471,Africa Cup of Nations,,,,,,,,20286,Rwanda,23854,Libya
6219462,Niger v Sudan,1,0,,,"[{'id': 23856, 'name': 'Niger'}, {'id': 20272, 'name': 'Sudan'}]",2024-11-14T16:00:00,False,False,44,International,1,Soccer,471,Africa Cup of Nations,,,,,,,,23856,Niger,20272,Sudan
6221597,Venezuela v Brazil,1,0,,,"[{'id': 11982, 'name': 'Venezuela'}, {'id': 22960, 'name': 'Brazil'}]",2024-11-14T21:00:00,False,False,44,International,1,Soccer,8655,FIFA World Cup 2022,,,,,,,,11982,Venezuela,22960,Brazil
6219290,Equatorial Guinea v Algeria,1,0,,,"[{'id': 20282, 'name': 'Equatorial Guinea'}, {'id': 21363, 'name': 'Algeria'}]",2024-11-14T13:00:00,False,False,44,International,1,Soccer,471,Africa Cup of Nations,,,,,,,,20282,Equatorial Guinea,21363,Algeria
6407774,"Hong Kong, China v Philippines",1,0,,,"[{'id': 20516, 'name': 'Hong Kong, China'}, {'id': 20530, 'name': 'Philippines'}]",2024-11-14T12:00:00,False,False,44,International,1,Soccer,703,Int. Friendly Games,,,,,,,,20516,"Hong Kong, China",20530,Philippines
6219467,Burkina Faso v Senegal,1,0,,,"[{'id': 23851, 'name': 'Burkina Faso'}, {'id': 20363, 'name': 'Senegal'}]",2024-11-14T19:00:00,False,False,44,International,1,Soccer,471,Africa Cup of Nations,,,,,,,,23851,Burkina Faso,20363,Senegal
6409351,ASVEL Basket v Kk Crvena Zvezda,1,0,,,"[{'id': 612345, 'name': 'ASVEL Basket'}, {'id': 39614, 'name': 'Kk Crvena Zvezda'}]",2024-11-14T19:00:00,False,False,44,International,8,Basketball,4276,Euroleague,,,,,,,,612345,ASVEL Basket,39614,Kk Crvena Zvezda
6407772,Singapore v Myanmar,1,0,,,"[{'id': 90744, 'name': 'Singapore'}, {'id': 90587, 'name': 'Myanmar'}]",2024-11-14T12:00:00,False,False,44,International,1,Soccer,703,Int. Friendly Games,,,,,,,,90744,Singapore,90587,Myanmar
6221481,North Macedonia v Latvia,1,0,,,"[{'id': 11789, 'name': 'North Macedonia'}, {'id': 11961, 'name': 'Latvia'}]",2024-11-14T19:45:00,False,False,44,International,1,Soccer,99,UEFA Nations League,,,,,,,,11789,North Macedonia,11961,Latvia
6221572,Kazakhstan v Austria,1,0,,,"[{'id': 11955, 'name': 'Kazakhstan'}, {'id': 11480, 'name': 'Austria'}]",2024-11-14T15:00:00,False,False,44,International,1,Soccer,99,UEFA Nations League,,,,,,,,11955,Kazakhstan,11480,Austria
6221860,Greece v England,1,0,,,"[{'id': 11793, 'name': 'Greece'}, {'id': 10159, 'name': 'England'}]",2024-11-14T19:45:00,False,False,44,International,1,Soccer,99,UEFA Nations League,,,,,,,,11793,Greece,10159,England
6222152,Armenia v Faroe Islands,1,0,,,"[{'id': 11787, 'name': 'Armenia'}, {'id': 11962, 'name': 'Faroe Islands'}]",2024-11-14T17:00:00,False,False,44,International,1,Soccer,99,UEFA Nations League,,,,,,,,11787,Armenia,11962,Faroe Islands
6347384,France v Israel,1,0,,,"[{'id': 11621, 'name': 'France'}, {'id': 11679, 'name': 'Israel'}]",2024-11-14T19:45:00,False,False,44,International,1,Soccer,99,UEFA Nations League,,,,,,,,11621,France,11679,Israel
6347386,Belgium v Italy,1,0,,,"[{'id': 11476, 'name': 'Belgium'}, {'id': 11414, 'name': 'Italy'}]",2024-11-14T19:45:00,False,False,44,International,1,Soccer,99,UEFA Nations League,,,,,,,,11476,Belgium,11414,Italy
6221371,Korea DPR v Iran,1,0,,,"[{'id': 20515, 'name': 'Korea DPR'}, {'id': 20339, 'name': 'Iran'}]",2024-11-14T12:00:00,False,False,44,International,1,Soccer,8655,FIFA World Cup 2022,,,,,,,,20515,Korea DPR,20339,Iran
6410609,Portugal v Poland,1,0,,,"[{'id': 21314, 'name': 'Portugal'}, {'id': 24615, 'name': 'Poland'}]",2024-11-14T10:00:00,False,False,44,International,1,Soccer,8882,Friendlies National Teams U19,,,,,,,,21314,Portugal,24615,Poland
6222290,Iraq v Jordan,1,0,,,"[{'id': 21289, 'name': 'Iraq'}, {'id': 28678, 'name': 'Jordan'}]",2024-11-14T16:15:00,False,False,44,International,1,Soccer,8655,FIFA World Cup 2022,,,,,,,,21289,Iraq,28678,Jordan
6408890,SD Ejea v Hercules CF,1,0,,,"[{'id': 23440, 'name': 'SD Ejea'}, {'id': 22163, 'name': 'Hercules CF'}]",2024-11-14T17:00:00,False,False,23,Spain,1,Soccer,494,Copa del Rey,,,,,,,,23440,SD Ejea,22163,Hercules CF
6214935,Real Madrid v Anadolu Efes SK,1,0,,,"[{'id': 37861, 'name': 'Real Madrid'}, {'id': 38907, 'name': 'Anadolu Efes SK'}]",2024-11-14T19:45:00,False,False,44,International,8,Basketball,4276,Euroleague,,,,,,,,37861,Real Madrid,38907,Anadolu Efes SK
6220644,Kuwait v South Korea,1,0,,,"[{'id': 90521, 'name': 'Kuwait'}, {'id': 89729, 'name': 'South Korea'}]",2024-11-14T14:00:00,False,False,44,International,1,Soccer,8655,FIFA World Cup 2022,,,,,,,,90521,Kuwait,89729,South Korea
6221588,Republic of Ireland v Finland,1,0,,,"[{'id': 75279, 'name': 'Republic of Ireland'}, {'id': 11475, 'name': 'Finland'}]",2024-11-14T19:45:00,False,False,44,International,1,Soccer,99,UEFA Nations League,,,,,,,,75279,Republic of Ireland,11475,Finland
6371902,Benin v Nigeria,1,0,,,"[{'id': 21375, 'name': 'Benin'}, {'id': 20347, 'name': 'Nigeria'}]",2024-11-14T19:00:00,False,False,44,International,1,Soccer,471,Africa Cup of Nations,,,,,,,,21375,Benin,20347,Nigeria
6214779,Baskonia Vitoria-Gasteiz v AS Monaco,1,0,,,"[{'id': 37862, 'name': 'Baskonia Vitoria-Gasteiz'}, {'id': 49162, 'name': 'AS Monaco'}]",2024-11-14T19:30:00,False,False,44,International,8,Basketball,4276,Euroleague,,,,,,,,37862,Baskonia Vitoria-Gasteiz,49162,AS Monaco
6219717,Madagascar v Tunisia,1,0,,,"[{'id': 21360, 'name': 'Madagascar'}, {'id': 20358, 'name': 'Tunisia'}]",2024-11-14T16:00:00,False,False,44,International,1,Soccer,471,Africa Cup of Nations,,,,,,,,21360,Madagascar,20358,Tunisia
6223013,Bahrain v China,1,0,,,"[{'id': 20525, 'name': 'Bahrain'}, {'id': 21286, 'name': 'China'}]",2024-11-14T14:00:00,False,False,44,International,1,Soccer,8655,FIFA World Cup 2022,,,,,,,,20525,Bahrain,21286,China
6220617,Australia v Saudi Arabia,1,0,,,"[{'id': 11977, 'name': 'Australia'}, {'id': 89728, 'name': 'Saudi Arabia'}]",2024-11-14T09:10:00,False,False,44,International,1,Soccer,8655,FIFA World Cup 2022,,,,,,,,11977,Australia,89728,Saudi Arabia
6407787,Malta v Liechtenstein,1,0,,,"[{'id': 11960, 'name': 'Malta'}, {'id': 11965, 'name': 'Liechtenstein'}]",2024-11-14T18:00:00,False,False,44,International,1,Soccer,703,Int. Friendly Games,,,,,,,,11960,Malta,11965,Liechtenstein
6407775,Thailand v Lebanon,1,0,,,"[{'id': 21279, 'name': 'Thailand'}, {'id': 20513, 'name': 'Lebanon'}]",2024-11-14T12:30:00,False,False,44,International,1,Soccer,703,Int. Friendly Games,,,,,,,,21279,Thailand,20513,Lebanon
6409197,Solomon Islands v New Caledonia,1,0,,,"[{'id': 21857, 'name': 'Solomon Islands'}, {'id': 21852, 'name': 'New Caledonia'}]",2024-11-14T03:00:00,False,False,44,International,1,Soccer,8765,World Cup 2022. Qualification,,,,,,,,21857,Solomon Islands,21852,New Caledonia
6409201,Papua New Guinea v Fiji,1,0,,,"[{'id': 21855, 'name': 'Papua New Guinea'}, {'id': 21854, 'name': 'Fiji'}]",2024-11-14T06:00:00,False,False,44,International,1,Soccer,8765,World Cup 2022. Qualification,,,,,,,,21855,Papua New Guinea,21854,Fiji
6223345,Montserrat v Saint Vincent and the Grenadines,1,0,,,"[{'id': 20323, 'name': 'Montserrat'}, {'id': 31837, 'name': 'Saint Vincent and the Grenadines'}]",2024-11-14T20:00:00,False,False,44,International,1,Soccer,1141,CONCACAF Nations League,,,,,,,,20323,Montserrat,31837,Saint Vincent and the Grenadines
6411113,Saint Kitts and Nevis v Cuba,1,0,,,"[{'id': 20326, 'name': 'Saint Kitts and Nevis'}, {'id': 20310, 'name': 'Cuba'}]",2024-11-14T23:00:00,False,False,44,International,1,Soccer,1141,CONCACAF Nations League,,,,,,,,20326,Saint Kitts and Nevis,20310,Cuba
6221197,Slovenia v Norway,1,0,,,"[{'id': 11794, 'name': 'Slovenia'}, {'id': 11629, 'name': 'Norway'}]",2024-11-14T19:45:00,False,False,44,International,1,Soccer,99,UEFA Nations League,,,,,,,,11794,Slovenia,11629,Norway
6217755,Indonesia v Japan,1,0,,,"[{'id': 21833, 'name': 'Indonesia'}, {'id': 20362, 'name': 'Japan'}]",2024-11-15T12:00:00,False,False,44,International,1,Soccer,8655,FIFA World Cup 2022,,,,,,,,21833,Indonesia,20362,Japan
6217294,Vis Pesaro vs Ascoli,1,0,,,"[{'id': 25096, 'name': 'Ssd Vis Pesaro 1898'}, {'id': 11036, 'name': 'Ascoli Calcio 1898 FC'}]",2024-11-15T19:30:00,False,False,22,Italy,1,Soccer,5691,Serie C,,,,,3854169,51547753,5355163,25096,Ssd Vis Pesaro 1898,11036,Ascoli Calcio 1898 FC
6218127,Catania vs Trapani,1,0,,,"[{'id': 11658, 'name': 'Calcio Catania'}, {'id': 11082, 'name': 'Trapani Calcio'}]",2024-11-15T19:30:00,False,False,22,Italy,1,Soccer,5691,Serie C,,,,,3854180,51548615,5456196,11658,Calcio Catania,11082,Trapani Calcio
6223417,Jamaica v USA,1,0,,,"[{'id': 89723, 'name': 'Jamaica'}, {'id': 20304, 'name': 'USA'}]",2024-11-15T01:00:00,False,False,44,International,1,Soccer,1141,CONCACAF Nations League,,,,,,,,89723,Jamaica,20304,USA
6360213,Botswana v Mauritania,1,0,,,"[{'id': 20274, 'name': 'Botswana'}, {'id': 21373, 'name': 'Mauritania'}]",2024-11-15T13:00:00,False,False,44,International,1,Soccer,471,Africa Cup of Nations,,,,,,,,20274,Botswana,21373,Mauritania
6360201,Cape Verde v Egypt,1,0,,,"[{'id': 28161, 'name': 'Cape Verde'}, {'id': 20334, 'name': 'Egypt'}]",2024-11-15T16:00:00,False,False,44,International,1,Soccer,471,Africa Cup of Nations,,,,,,,,28161,Cape Verde,20334,Egypt
6360210,Gabon v Morocco,1,0,,,"[{'id': 28153, 'name': 'Gabon'}, {'id': 20338, 'name': 'Morocco'}]",2024-11-15T19:00:00,False,False,44,International,1,Soccer,471,Africa Cup of Nations,,,,,,,,28153,Gabon,20338,Morocco
6360203,Eswatini v Guinea-bissau,1,0,,,"[{'id': 20271, 'name': 'Eswatini'}, {'id': 20293, 'name': 'Guinea-bissau'}]",2024-11-15T16:00:00,False,False,44,International,1,Soccer,471,Africa Cup of Nations,,,,,,,,20271,Eswatini,20293,Guinea-bissau
6223218,Mozambique v Mali,1,0,,,"[{'id': 20278, 'name': 'Mozambique'}, {'id': 21370, 'name': 'Mali'}]",2024-11-15T16:00:00,False,False,44,International,1,Soccer,471,Africa Cup of Nations,,,,,,,,20278,Mozambique,21370,Mali
6214535,Virtus Bologna v Panathinaikos BC,1,0,,,"[{'id': 38870, 'name': 'Virtus Bologna'}, {'id': 39607, 'name': 'Panathinaikos BC'}]",2024-11-15T19:30:00,False,False,44,International,8,Basketball,4276,Euroleague,,,,,,,,38870,Virtus Bologna,39607,Panathinaikos BC
6219600,Angola v Ghana,1,0,,,"[{'id': 20269, 'name': 'Angola'}, {'id': 21376, 'name': 'Ghana'}]",2024-11-15T19:00:00,False,False,44,International,1,Soccer,471,Africa Cup of Nations,,,,,,,,20269,Angola,21376,Ghana
6217401,Denmark v Spain,1,0,,,"[{'id': 11477, 'name': 'Denmark'}, {'id': 11626, 'name': 'Spain'}]",2024-11-15T19:45:00,False,False,44,International,1,Soccer,99,UEFA Nations League,,,,,,,,11477,Denmark,11626,Spain
6217765,Luxembourg v Bulgaria,1,0,,,"[{'id': 11783, 'name': 'Luxembourg'}, {'id': 11780, 'name': 'Bulgaria'}]",2024-11-15T19:45:00,False,False,44,International,1,Soccer,99,UEFA Nations League,,,,,,,,11783,Luxembourg,11780,Bulgaria
6217734,Portugal v Poland,1,0,,,"[{'id': 11622, 'name': 'Portugal'}, {'id': 11615, 'name': 'Poland'}]",2024-11-15T19:45:00,False,False,44,International,1,Soccer,99,UEFA Nations League,,,,,,,,11622,Portugal,11615,Poland
6217804,Ecuador v Bolivia,1,0,,,"[{'id': 11979, 'name': 'Ecuador'}, {'id': 11975, 'name': 'Bolivia'}]",2024-11-15T00:00:00,False,False,44,International,1,Soccer,8655,FIFA World Cup 2022,,,,,,,,11979,Ecuador,11975,Bolivia
6412754,Belize v French Guiana,1,0,,,"[{'id': 20317, 'name': 'Belize'}, {'id': 26453, 'name': 'French Guiana'}]",2024-11-15T01:00:00,False,False,44,International,1,Soccer,1141,CONCACAF Nations League,,,,,,,,20317,Belize,26453,French Guiana
6219494,Uganda v South Africa,1,0,,,"[{'id': 21357, 'name': 'Uganda'}, {'id': 21366, 'name': 'South Africa'}]",2024-11-15T13:00:00,False,False,44,International,1,Soccer,471,Africa Cup of Nations,,,,,,,,21357,Uganda,21366,South Africa
6219972,Costa Rica v Panama,1,0,,,"[{'id': 89719, 'name': 'Costa Rica'}, {'id': 20302, 'name': 'Panama'}]",2024-11-15T02:00:00,False,False,44,International,1,Soccer,1141,CONCACAF Nations League,,,,,,,,89719,Costa Rica,20302,Panama
6219262,Zambia v Ivory Coast,1,0,,,"[{'id': 23862, 'name': 'Zambia'}, {'id': 21368, 'name': 'Ivory Coast'}]",2024-11-15T16:00:00,False,False,44,International,1,Soccer,471,Africa Cup of Nations,,,,,,,,23862,Zambia,21368,Ivory Coast
6218212,Foggia vs Casertana,1,0,,,"[{'id': 23497, 'name': 'Foggia Calcio'}, {'id': 11696, 'name': 'Casertana FC'}]",2024-11-15T19:30:00,False,False,22,Italy,1,Soccer,5691,Serie C,,,,,3854181,51548619,5355164,23497,Foggia Calcio,11696,Casertana FC
6219011,Zimbabwe v Kenya,1,0,,,"[{'id': 20270, 'name': 'Zimbabwe'}, {'id': 21364, 'name': 'Kenya'}]",2024-11-15T16:00:00,False,False,44,International,1,Soccer,471,Africa Cup of Nations,,,,,,,,20270,Zimbabwe,21364,Kenya
6217230,Cyprus v Lithuania,1,0,,,"[{'id': 11785, 'name': 'Cyprus'}, {'id': 11957, 'name': 'Lithuania'}]",2024-11-15T17:00:00,False,False,44,International,1,Soccer,99,UEFA Nations League,,,,,,,,11785,Cyprus,11957,Lithuania
6217409,San Marino v Gibraltar,1,0,,,"[{'id': 11963, 'name': 'San Marino'}, {'id': 11964, 'name': 'Gibraltar'}]",2024-11-15T19:45:00,False,False,44,International,1,Soccer,99,UEFA Nations League,,,,,,,,11963,San Marino,11964,Gibraltar
6218112,Romania v Kosovo,1,0,,,"[{'id': 11630, 'name': 'Romania'}, {'id': 11791, 'name': 'Kosovo'}]",2024-11-15T19:45:00,False,False,44,International,1,Soccer,99,UEFA Nations League,,,,,,,,11630,Romania,11791,Kosovo
6218434,Scotland v Croatia,1,0,,,"[{'id': 11680, 'name': 'Scotland'}, {'id': 11623, 'name': 'Croatia'}]",2024-11-15T19:45:00,False,False,44,International,1,Soccer,99,UEFA Nations League,,,,,,,,11680,Scotland,11623,Croatia
6221167,Bonaire v El Salvador,1,0,,,"[{'id': 26446, 'name': 'Bonaire'}, {'id': 20298, 'name': 'El Salvador'}]",2024-11-15T01:00:00,False,False,44,International,1,Soccer,1141,CONCACAF Nations League,,,,,,,,26446,Bonaire,20298,El Salvador
6181792,"Carrington, Bruce v Coolwell, Dana",1,0,,,"[{'id': 298439, 'name': 'Carrington, Bruce'}, {'id': 303284, 'name': 'Coolwell, Dana'}]",2024-11-15T23:00:00,False,False,44,International,25,Boxing,5562,International Matchups,,,,,,,,298439,"Carrington, Bruce",303284,"Coolwell, Dana"
6413041,Samoa v Tahiti,1,0,,,"[{'id': 21851, 'name': 'Samoa'}, {'id': 21856, 'name': 'Tahiti'}]",2024-11-15T03:00:00,False,False,44,International,1,Soccer,8765,World Cup 2022. Qualification,,,,,,,,21851,Samoa,21856,Tahiti
6218227,Northern Ireland v Belarus,1,0,,,"[{'id': 11631, 'name': 'Northern Ireland'}, {'id': 11956, 'name': 'Belarus'}]",2024-11-15T19:45:00,False,False,44,International,1,Soccer,99,UEFA Nations League,,,,,,,,11631,Northern Ireland,11956,Belarus
6219925,Suriname v Canada,1,0,,,"[{'id': 20328, 'name': 'Suriname'}, {'id': 20300, 'name': 'Canada'}]",2024-11-15T23:30:00,False,False,44,International,1,Soccer,1141,CONCACAF Nations League,,,,,,,,20328,Suriname,20300,Canada
6217419,Caldiero Terme vs Lumezzane,1,0,,,"[{'id': 27011, 'name': 'Calcio Caldiero Terme'}, {'id': 332360, 'name': 'AC Lumezzane'}]",2024-11-15T19:30:00,False,False,22,Italy,1,Soccer,5691,Serie C,,,,,3854116,51546913,5456195,27011,Calcio Caldiero Terme,332360,AC Lumezzane
6217683,Switzerland v Serbia,1,0,,,"[{'id': 11420, 'name': 'Switzerland'}, {'id': 11775, 'name': 'Serbia'}]",2024-11-15T19:45:00,False,False,44,International,1,Soccer,99,UEFA Nations League,,,,,,,,11420,Switzerland,11775,Serbia
6408424,FC Osaka v SC Sagamihara,1,0,,,"[{'id': 22020, 'name': 'FC Osaka'}, {'id': 16147, 'name': 'SC Sagamihara'}]",2024-11-15T10:00:00,False,False,59,Japan,1,Soccer,263,J.League 3,,,,,,,,22020,FC Osaka,16147,SC Sagamihara
6219659,Doncaster vs Salford,1,0,,,"[{'id': 11470, 'name': 'Doncaster Rovers'}, {'id': 12861, 'name': 'Salford City FC'}]",2024-11-16T15:00:00,False,False,25,England,1,Soccer,173,League Two,,,,,3850835,,5458893,11470,Doncaster Rovers,12861,Salford City FC
6219555,Dag & Red vs Barnet,1,0,,,"[{'id': 14581, 'name': 'Dagenham and Redbridge FC'}, {'id': 12994, 'name': 'Barnet FC'}]",2024-11-16T15:00:00,False,False,25,England,1,Soccer,229,National League,,,,,3850897,,5458943,14581,Dagenham and Redbridge FC,12994,Barnet FC
6219535,Morecambe vs Port Vale,1,0,,,"[{'id': 12566, 'name': 'Morecambe FC'}, {'id': 12628, 'name': 'Port Vale'}]",2024-11-16T15:00:00,False,False,25,England,1,Soccer,173,League Two,,,,,3850843,,5458891,12566,Morecambe FC,12628,Port Vale
6219322,Peru v Chile,1,0,,,"[{'id': 11981, 'name': 'Peru'}, {'id': 11973, 'name': 'Chile'}]",2024-11-16T01:30:00,False,False,44,International,1,Soccer,8655,FIFA World Cup 2022,,,,,,,,11981,Peru,11973,Chile
6219456,Pontedera vs Pianese,1,0,,,"[{'id': 25092, 'name': 'US Citta Di Pontedera'}, {'id': 16112, 'name': 'US Pianese'}]",2024-11-16T16:30:00,False,False,22,Italy,1,Soccer,5691,Serie C,,,,,3854174,51547741,5460130,25092,US Citta Di Pontedera,16112,US Pianese
6219558,Colchester vs Bradford City,1,0,,,"[{'id': 12985, 'name': 'Colchester United'}, {'id': 12573, 'name': 'Bradford City'}]",2024-11-16T15:00:00,False,False,25,England,1,Soccer,173,League Two,,,,,3850832,,5458892,12985,Colchester United,12573,Bradford City
6219197,Stockport County vs Wrexham,1,0,,,"[{'id': 14607, 'name': 'Stockport County FC'}, {'id': 12983, 'name': 'Wrexham AFC'}]",2024-11-16T15:00:00,False,False,25,England,1,Soccer,52,League One,,,,,3850878,,5458869,14607,Stockport County FC,12983,Wrexham AFC
6219608,SD Eibar v Racing Club de Ferrol,1,0,,,"[{'id': 11030, 'name': 'SD Eibar'}, {'id': 22148, 'name': 'Racing Club de Ferrol'}]",2024-11-16T13:00:00,False,False,23,Spain,1,Soccer,30,La Liga 2,,,,,,,,11030,SD Eibar,22148,Racing Club de Ferrol
6219128,Crewe vs Notts Co,1,0,,,"[{'id': 12640, 'name': 'Crewe Alexandra'}, {'id': 12975, 'name': 'Notts County'}]",2024-11-16T15:00:00,False,False,25,England,1,Soccer,173,League Two,,,,,3850833,,5458887,12640,Crewe Alexandra,12975,Notts County
6219563,Bromley vs Carlisle,1,0,,,"[{'id': 13026, 'name': 'Bromley FC'}, {'id': 12356, 'name': 'Carlisle United'}]",2024-11-16T15:00:00,False,False,25,England,1,Soccer,173,League Two,,,,,3850831,,5458884,13026,Bromley FC,12356,Carlisle United
6219269,MK Dons vs Cheltenham,1,0,,,"[{'id': 11469, 'name': 'Milton Keynes Dons'}, {'id': 10530, 'name': 'Cheltenham Town'}]",2024-11-16T15:00:00,False,False,25,England,1,Soccer,173,League Two,,,,,3850840,,5458885,11469,Milton Keynes Dons,10530,Cheltenham Town
6219758,Renate vs Arzignano,1,0,,,"[{'id': 17757, 'name': 'AC Renate'}, {'id': 15877, 'name': 'FC Arzignano Valchiampo'}]",2024-11-16T14:00:00,False,False,22,Italy,1,Soccer,5691,Serie C,,,,,3854232,51546929,5460089,17757,AC Renate,15877,FC Arzignano Valchiampo
6219423,Andorra v Moldova,1,0,,,"[{'id': 11959, 'name': 'Andorra'}, {'id': 11792, 'name': 'Moldova'}]",2024-11-16T17:00:00,False,False,44,International,1,Soccer,99,UEFA Nations League,,,,,,,,11959,Andorra,11792,Moldova
6219620,CD Castellon v CD Mirandes,1,0,,,"[{'id': 19225, 'name': 'CD Castellon'}, {'id': 10980, 'name': 'CD Mirandes'}]",2024-11-16T15:15:00,False,False,23,Spain,1,Soccer,30,La Liga 2,,,,,,,,19225,CD Castellon,10980,CD Mirandes
6222123,Oldham vs Tamworth,1,0,,,"[{'id': 12854, 'name': 'Oldham Athletic'}, {'id': 27696, 'name': 'Tamworth FC'}]",2024-11-16T15:00:00,False,False,25,England,1,Soccer,229,National League,,,,,3850903,,5458945,12854,Oldham Athletic,27696,Tamworth FC
6219661,Turkey v Wales,1,0,,,"[{'id': 11417, 'name': 'Turkey'}, {'id': 11459, 'name': 'Wales'}]",2024-11-16T17:00:00,False,False,44,International,1,Soccer,99,UEFA Nations League,,,,,,,,11417,Turkey,11459,Wales
5951570,"Ramirez, Jose Carlos v Barboza Jr, Arnold",1,0,,,"[{'id': 701557, 'name': 'Ramirez, Jose Carlos'}, {'id': 57008, 'name': 'Barboza Jr, Arnold'}]",2024-11-16T21:00:00,False,False,44,International,25,Boxing,5562,International Matchups,,,,,,,,701557,"Ramirez, Jose Carlos",57008,"Barboza Jr, Arnold"
6219481,Braintree vs AFC Fylde,1,0,,,"[{'id': 15308, 'name': 'Braintree Town FC'}, {'id': 13041, 'name': 'AFC Fylde'}]",2024-11-16T15:00:00,False,False,25,England,1,Soccer,229,National League,,,,,3850895,,5458942,15308,Braintree Town FC,13041,AFC Fylde
6295129,"Taylor, Katie v Serrano, Amanda",1,0,,,"[{'id': 80881, 'name': 'Taylor, Katie'}, {'id': 126577, 'name': 'Serrano, Amanda'}]",2024-11-16T03:00:00,False,False,44,International,25,Boxing,5562,International Matchups,,,,,,,,80881,"Taylor, Katie",126577,"Serrano, Amanda"
6219399,Gateshead vs Aldershot,1,0,,,"[{'id': 13021, 'name': 'Gateshead FC'}, {'id': 14603, 'name': 'Aldershot Town FC'}]",2024-11-16T15:00:00,False,False,25,England,1,Soccer,229,National League,,,,,3850900,,5458951,13021,Gateshead FC,14603,Aldershot Town FC
6219622,Harrogate vs Chesterfield,1,0,,,"[{'id': 13022, 'name': 'Harrogate Town FC'}, {'id': 14617, 'name': 'Chesterfield FC'}]",2024-11-16T15:00:00,False,False,25,England,1,Soccer,173,League Two,,,,,3850837,,5458889,13022,Harrogate Town FC,14617,Chesterfield FC
6219612,Accrington vs Swindon,1,0,,,"[{'id': 11472, 'name': 'Accrington Stanley'}, {'id': 12357, 'name': 'Swindon Town'}]",2024-11-16T15:00:00,False,False,25,England,1,Soccer,173,League Two,,,,,3850828,,5458886,11472,Accrington Stanley,12357,Swindon Town
6219611,Forest Green vs York City,1,0,,,"[{'id': 12785, 'name': 'Forest Green Rovers'}, {'id': 12991, 'name': 'York City FC'}]",2024-11-16T17:30:00,False,False,25,England,1,Soccer,229,National League,,,,,3850908,,5458940,12785,Forest Green Rovers,12991,York City FC
6219465,Netherlands v Hungary,1,0,,,"[{'id': 11587, 'name': 'Netherlands'}, {'id': 11776, 'name': 'Hungary'}]",2024-11-16T19:45:00,False,False,44,International,1,Soccer,99,UEFA Nations League,,,,,,,,11587,Netherlands,11776,Hungary
6219648,Germany v Bosnia & Herzegovina,1,0,,,"[{'id': 11625, 'name': 'Germany'}, {'id': 11616, 'name': 'Bosnia & Herzegovina'}]",2024-11-16T19:45:00,False,False,44,International,1,Soccer,99,UEFA Nations League,,,,,,,,11625,Germany,11616,Bosnia & Herzegovina
6219512,AlbinoLeffe vs Trento,1,0,,,"[{'id': 15248, 'name': 'US Albinoleffe'}, {'id': 51300, 'name': 'AC Trento'}]",2024-11-16T14:00:00,False,False,22,Italy,1,Soccer,5691,Serie C,,,,,3854117,51546911,5460086,15248,US Albinoleffe,51300,AC Trento
6219616,Giana Erminio vs Lecco,1,0,,,"[{'id': 15903, 'name': 'AS Giana Erminio'}, {'id': 25087, 'name': 'Calcio Lecco 1912'}]",2024-11-16T16:30:00,False,False,22,Italy,1,Soccer,5691,Serie C,,,,,3854120,51546917,5460128,15903,AS Giana Erminio,25087,Calcio Lecco 1912
6219546,Newport vs Grimsby,1,0,,,"[{'id': 12723, 'name': 'Newport County AFC'}, {'id': 12006, 'name': 'Grimsby Town'}]",2024-11-16T15:00:00,False,False,25,England,1,Soccer,173,League Two,,,,,3850860,,5458888,12723,Newport County AFC,12006,Grimsby Town
6219158,Giugliano vs Potenza,1,0,,,"[{'id': 27118, 'name': 'FC Giugliano 1928'}, {'id': 11689, 'name': 'Potenza Calcio'}]",2024-11-16T16:30:00,False,False,22,Italy,1,Soccer,5691,Serie C,,,,,3854183,51548621,5460131,27118,FC Giugliano 1928,11689,Potenza Calcio
6219038,Sorrento vs Picerno,1,0,,,"[{'id': 23500, 'name': 'Sorrento Calcio'}, {'id': 16115, 'name': 'AZ Picerno'}]",2024-11-16T16:30:00,False,False,22,Italy,1,Soccer,5691,Serie C,,,,,3854184,51548629,5460132,23500,Sorrento Calcio,16115,AZ Picerno
6219596,Yeovil vs FC Halifax,1,0,,,"[{'id': 13016, 'name': 'Yeovil Town'}, {'id': 14582, 'name': 'Halifax Town'}]",2024-11-16T15:00:00,False,False,25,England,1,Soccer,229,National League,,,,,3850907,,5458950,13016,Yeovil Town,14582,Halifax Town
6219657,Honduras v Mexico,1,0,,,"[{'id': 89720, 'name': 'Honduras'}, {'id': 20297, 'name': 'Mexico'}]",2024-11-16T02:00:00,False,False,44,International,1,Soccer,1141,CONCACAF Nations League,,,,,,,,89720,Honduras,20297,Mexico
6219626,Georgia v Ukraine,1,0,,,"[{'id': 11788, 'name': 'Georgia'}, {'id': 11479, 'name': 'Ukraine'}]",2024-11-16T17:00:00,False,False,44,International,1,Soccer,99,UEFA Nations League,,,,,,,,11788,Georgia,11479,Ukraine
5951575,"Ramirez Sanchez, Gilberto v Billam-Smith, Chris",1,0,,,"[{'id': 67485, 'name': 'Ramirez Sanchez, Gilberto'}, {'id': 63642, 'name': 'Billam-Smith, Chris'}]",2024-11-16T23:00:00,False,False,44,International,25,Boxing,5562,International Matchups,,,,,,,,67485,"Ramirez Sanchez, Gilberto",63642,"Billam-Smith, Chris"
6219568,Pro Patria vs Virtus Verona,1,0,,,"[{'id': 11667, 'name': 'Aurora Pro Patria 1919'}, {'id': 23491, 'name': 'Virtus Vecomp Verona'}]",2024-11-16T14:00:00,False,False,22,Italy,1,Soccer,5691,Serie C,,,,,3854119,51546927,5460088,11667,Aurora Pro Patria 1919,23491,Virtus Vecomp Verona
6219630,Pergolettese vs Alcione Milano,1,0,,,"[{'id': 16113, 'name': 'US Pergolettese 1932'}, {'id': 171676, 'name': 'Asd Alcione Milano'}]",2024-11-16T14:00:00,False,False,22,Italy,1,Soccer,5691,Serie C,,,,,3854118,51546925,5460087,16113,US Pergolettese 1932,171676,Asd Alcione Milano
6219584,Legnago Salus vs Spal,1,0,,,"[{'id': 27000, 'name': 'FC Legnago Salus SSD'}, {'id': 10924, 'name': 'Spal 2013'}]",2024-11-16T16:30:00,False,False,22,Italy,1,Soccer,5691,Serie C,,,,,3854170,51547737,5460129,27000,FC Legnago Salus SSD,10924,Spal 2013
6219082,Pineto vs Perugia,1,0,,,"[{'id': 27058, 'name': 'Asd Pineto Calcio'}, {'id': 11037, 'name': 'Perugia'}]",2024-11-16T16:30:00,False,False,22,Italy,1,Soccer,5691,Serie C,,,,,3854173,51547739,5362568,27058,Asd Pineto Calcio,11037,Perugia
6219640,UD Levante v Elche CF,1,0,,,"[{'id': 11029, 'name': 'UD Levante'}, {'id': 10963, 'name': 'Elche CF'}]",2024-11-16T17:30:00,False,False,23,Spain,1,Soccer,30,La Liga 2,,,,,,,,11029,UD Levante,10963,Elche CF
6360233,Guinea v DR Congo,1,0,,,"[{'id': 21359, 'name': 'Guinea'}, {'id': 21355, 'name': 'DR Congo'}]",2024-11-16T19:00:00,False,False,44,International,1,Soccer,471,Africa Cup of Nations,,,,,,,,21359,Guinea,21355,DR Congo
6360234,Ethiopia v Tanzania,1,0,,,"[{'id': 20285, 'name': 'Ethiopia'}, {'id': 20280, 'name': 'Tanzania'}]",2024-11-16T16:00:00,False,False,44,International,1,Soccer,471,Africa Cup of Nations,,,,,,,,20285,Ethiopia,20280,Tanzania
6221705,Albania v Czech Republic,1,0,,,"[{'id': 11958, 'name': 'Albania'}, {'id': 11773, 'name': 'Czech Republic'}]",2024-11-16T19:45:00,False,False,44,International,1,Soccer,99,UEFA Nations League,,,,,,,,11958,Albania,11773,Czech Republic
5951565,"Zepeda, William v Farmer, Tevin",1,0,,,"[{'id': 64102, 'name': 'Zepeda, William'}, {'id': 320668, 'name': 'Farmer, Tevin'}]",2024-11-16T21:00:00,False,False,44,International,25,Boxing,5562,International Matchups,,,,,,,,64102,"Zepeda, William",320668,"Farmer, Tevin"
6375240,"Collazo, Oscar v Niyomtrong, Thammanoon",1,0,,,"[{'id': 310621, 'name': 'Collazo, Oscar'}, {'id': 311781, 'name': 'Niyomtrong, Thammanoon'}]",2024-11-16T19:00:00,False,False,44,International,25,Boxing,5562,International Matchups,,,,,,,,310621,"Collazo, Oscar",311781,"Niyomtrong, Thammanoon"
6219113,Wealdstone vs Rochdale,1,0,,,"[{'id': 15310, 'name': 'Wealdstone FC'}, {'id': 11473, 'name': 'Rochdale AFC'}]",2024-11-16T15:00:00,False,False,25,England,1,Soccer,229,National League,,,,,3850905,,5458949,15310,Wealdstone FC,11473,Rochdale AFC
6219615,Tranmere vs Fleetwood,1,0,,,"[{'id': 11465, 'name': 'Tranmere Rovers'}, {'id': 11200, 'name': 'Fleetwood Town'}]",2024-11-16T15:00:00,False,False,25,England,1,Soccer,173,League Two,,,,,3850865,,5458931,11465,Tranmere Rovers,11200,Fleetwood Town
6219214,Ebbsfleet vs Solihull Moors,1,0,,,"[{'id': 13013, 'name': 'Ebbsfleet United FC'}, {'id': 13031, 'name': 'Solihull Moors FC'}]",2024-11-16T15:00:00,False,False,25,England,1,Soccer,229,National League,,,,,3850898,,5458944,13013,Ebbsfleet United FC,13031,Solihull Moors FC
6219591,Woking vs Boston Utd,1,0,,,"[{'id': 14293, 'name': 'Woking FC'}, {'id': 13014, 'name': 'Boston United FC'}]",2024-11-16T15:00:00,False,False,25,England,1,Soccer,229,National League,,,,,3850906,,5458947,14293,Woking FC,13014,Boston United FC
6219451,Sutton vs Maidenhead,1,0,,,"[{'id': 14609, 'name': 'Sutton United FC'}, {'id': 13024, 'name': 'Maidenhead United FC'}]",2024-11-16T15:00:00,False,False,25,England,1,Soccer,229,National League,,,,,3850904,,5458946,14609,Sutton United FC,13024,Maidenhead United FC
6219635,Altrincham vs Southend,1,0,,,"[{'id': 13012, 'name': 'Altrincham FC'}, {'id': 11464, 'name': 'Southend United'}]",2024-11-16T15:00:00,False,False,25,England,1,Soccer,229,National League,,,,,3850894,,5458948,13012,Altrincham FC,11464,Southend United
6219623,Hartlepool vs Eastleigh,1,0,,,"[{'id': 13010, 'name': 'Hartlepool United FC'}, {'id': 13030, 'name': 'Eastleigh FC'}]",2024-11-16T15:00:00,False,False,25,England,1,Soccer,229,National League,,,,,3850901,,5458941,13010,Hartlepool United FC,13030,Eastleigh FC
6219314,Sporting Gijon v Granada CF,1,0,,,"[{'id': 10967, 'name': 'Sporting Gijon'}, {'id': 10868, 'name': 'Granada CF'}]",2024-11-16T20:00:00,False,False,23,Spain,1,Soccer,30,La Liga 2,,,,,,,,10967,Sporting Gijon,10868,Granada CF
6219475,Club Deportivo Eldense v Albacete Balompie,1,0,,,"[{'id': 30910, 'name': 'Club Deportivo Eldense'}, {'id': 10965, 'name': 'Albacete Balompie'}]",2024-11-16T15:15:00,False,False,23,Spain,1,Soccer,30,La Liga 2,,,,,,,,30910,Club Deportivo Eldense,10965,Albacete Balompie
6219578,Montenegro v Iceland,1,0,,,"[{'id': 11786, 'name': 'Montenegro'}, {'id': 11619, 'name': 'Iceland'}]",2024-11-16T17:00:00,False,False,44,International,1,Soccer,99,UEFA Nations League,,,,,,,,11786,Montenegro,11619,Iceland
6219485,Sweden v Slovakia,1,0,,,"[{'id': 11624, 'name': 'Sweden'}, {'id': 11774, 'name': 'Slovakia'}]",2024-11-16T19:45:00,False,False,44,International,1,Soccer,99,UEFA Nations League,,,,,,,,11624,Sweden,11774,Slovakia
6219582,Jubilo Iwata v Yokohama F Marinos,1,0,,,"[{'id': 15885, 'name': 'Jubilo Iwata'}, {'id': 12916, 'name': 'Yokohama F Marinos'}]",2024-11-16T05:00:00,False,False,59,Japan,1,Soccer,215,J.League,,,,,,,,15885,Jubilo Iwata,12916,Yokohama F Marinos
6140528,"Barrios, Mario v Ramos, Abel",1,0,,,"[{'id': 59759, 'name': 'Barrios, Mario'}, {'id': 39473, 'name': 'Ramos, Abel'}]",2024-11-16T01:00:00,False,False,44,International,25,Boxing,5562,International Matchups,,,,,,,,59759,"Barrios, Mario",39473,"Ramos, Abel"
6219543,Barrow vs AFC Wimbledon,1,0,,,"[{'id': 14606, 'name': 'Barrow AFC'}, {'id': 11484, 'name': 'AFC Wimbledon'}]",2024-11-16T15:00:00,False,False,25,England,1,Soccer,173,League Two,,,,,3850830,,5458890,14606,Barrow AFC,11484,AFC Wimbledon
5229632,"Paul, Jake v Tyson, Mike",1,0,,,"[{'id': 65218, 'name': 'Paul, Jake'}, {'id': 59023, 'name': 'Tyson, Mike'}]",2024-11-16T04:00:00,False,False,44,International,25,Boxing,5562,International Matchups,,,,,,,,65218,"Paul, Jake",59023,"Tyson, Mike"
6375241,"Duarte, Oscar v Akhmedov, Batyr",1,0,,,"[{'id': 295044, 'name': 'Duarte, Oscar'}, {'id': 40453, 'name': 'Akhmedov, Batyr'}]",2024-11-16T20:00:00,False,False,44,International,25,Boxing,5562,International Matchups,,,,,,,,295044,"Duarte, Oscar",40453,"Akhmedov, Batyr"
6219259,Azerbaijan v Estonia,1,0,,,"[{'id': 11784, 'name': 'Azerbaijan'}, {'id': 11790, 'name': 'Estonia'}]",2024-11-16T14:00:00,False,False,44,International,1,Soccer,99,UEFA Nations League,,,,,,,,11784,Azerbaijan,11790,Estonia
6219530,Racing Santander v Burgos CF,1,0,,,"[{'id': 10968, 'name': 'Racing Santander'}, {'id': 23416, 'name': 'Burgos CF'}]",2024-11-16T17:30:00,False,False,23,Spain,1,Soccer,30,La Liga 2,,,,,,,,10968,Racing Santander,23416,Burgos CF
6219587,Cambridge Utd vs Barnsley,1,0,,,"[{'id': 10164, 'name': 'Cambridge United'}, {'id': 10893, 'name': 'Barnsley'}]",2024-11-16T15:00:00,False,False,25,England,1,Soccer,52,League One,,,,,3850873,,5458870,10164,Cambridge United,10893,Barnsley
6219176,Exeter vs Lincoln,1,0,,,"[{'id': 13002, 'name': 'Exeter City'}, {'id': 11467, 'name': 'Lincoln City'}]",2024-11-16T12:30:00,False,False,25,England,1,Soccer,52,League One,,,,,3850866,,5458872,13002,Exeter City,11467,Lincoln City
6219554,Uruguay v Colombia,1,0,,,"[{'id': 11972, 'name': 'Uruguay'}, {'id': 11978, 'name': 'Colombia'}]",2024-11-16T00:00:00,False,False,44,International,1,Soccer,8655,FIFA World Cup 2022,,,,,,,,11972,Uruguay,11978,Colombia
6219645,Blackpool vs Northampton,1,0,,,"[{'id': 11468, 'name': 'Blackpool'}, {'id': 10513, 'name': 'Northampton Town'}]",2024-11-16T15:00:00,False,False,25,England,1,Soccer,52,League One,,,,,3850869,,5458873,11468,Blackpool,10513,Northampton Town
6219607,Bristol Rovers vs Crawley,1,0,,,"[{'id': 11462, 'name': 'Bristol Rovers'}, {'id': 12720, 'name': 'Crawley Town'}]",2024-11-16T15:00:00,False,False,25,England,1,Soccer,52,League One,,,,,3850870,,5458871,11462,Bristol Rovers,12720,Crawley Town
6397010,Real Zaragoza v Malaga CF,1,0,,,"[{'id': 10970, 'name': 'Real Zaragoza'}, {'id': 10974, 'name': 'Malaga CF'}]",2024-11-17T20:00:00,False,False,23,Spain,1,Soccer,30,La Liga 2,,,,,,,,10970,Real Zaragoza,10974,Malaga CF
6407657,Latina vs Crotone,1,0,,,"[{'id': 27079, 'name': 'US Latina Calcio 1932'}, {'id': 11077, 'name': 'FC Crotone'}]",2024-11-17T16:30:00,False,False,22,Italy,1,Soccer,5691,Serie C,,,,,3854360,,5470732,27079,US Latina Calcio 1932,11077,FC Crotone
6396003,Cadiz CF v Cordoba CF,1,0,,,"[{'id': 10972, 'name': 'Cadiz CF'}, {'id': 22153, 'name': 'Cordoba CF'}]",2024-11-17T15:15:00,False,False,23,Spain,1,Soccer,30,La Liga 2,,,,,,,,10972,Cadiz CF,22153,Cordoba CF
6407770,Sestri Levante vs Rimini,1,0,,,"[{'id': 53630, 'name': 'Usd Sestri Levante 1919'}, {'id': 23477, 'name': 'Rimini FC 1912'}]",2024-11-17T14:00:00,False,False,22,Italy,1,Soccer,5691,Serie C,,,,,3854176,51547747,5365959,53630,Usd Sestri Levante 1919,23477,Rimini FC 1912
6407022,Novara vs Union Clodiense,1,0,,,"[{'id': 11673, 'name': 'Novara Calcio'}, {'id': 26994, 'name': 'Clodiense S.S.D.'}]",2024-11-17T11:30:00,False,False,22,Italy,1,Soccer,5691,Serie C,,,,,3854121,51546921,5365954,11673,Novara Calcio,26994,Clodiense S.S.D.
6407769,Gubbio vs Carpi,1,0,,,"[{'id': 25101, 'name': 'AS Gubbio 1910'}, {'id': 10223, 'name': 'Carpi FC 1909'}]",2024-11-17T16:30:00,False,False,22,Italy,1,Soccer,5691,Serie C,,,,,3854179,51547735,5463757,25101,AS Gubbio 1910,10223,Carpi FC 1909
6407780,Arezzo vs Pescara,1,0,,,"[{'id': 11662, 'name': 'SS Arezzo'}, {'id': 11212, 'name': 'Delfino Pescara 1936'}]",2024-11-17T14:00:00,False,False,22,Italy,1,Soccer,5691,Serie C,,,,,3854175,51547731,5463738,11662,SS Arezzo,11212,Delfino Pescara 1936
6407777,Ternana vs Lucchese,1,0,,,"[{'id': 15402, 'name': 'Ternana Calcio'}, {'id': 26960, 'name': 'AS Lucchese Libertas 1905'}]",2024-11-17T14:00:00,False,False,22,Italy,1,Soccer,5691,Serie C,,,,,3854177,51547749,5463739,15402,Ternana Calcio,26960,AS Lucchese Libertas 1905
6407771,Torres vs Entella,1,0,,,"[{'id': 23478, 'name': 'Sef Torres Calcio'}, {'id': 11215, 'name': 'Virtus Entella'}]",2024-11-17T14:00:00,False,False,22,Italy,1,Soccer,5691,Serie C,,,,,3854178,51547751,5463740,23478,Sef Torres Calcio,11215,Virtus Entella
6393860,Kyoto Sanga FC v Kashima Antlers,1,0,,,"[{'id': 15884, 'name': 'Kyoto Sanga FC'}, {'id': 12919, 'name': 'Kashima Antlers'}]",2024-11-17T05:00:00,False,False,59,Japan,1,Soccer,215,J.League,,,,,,,,15884,Kyoto Sanga FC,12919,Kashima Antlers
6407024,FeralpiSalo vs Triestina,1,0,,,"[{'id': 11692, 'name': 'Feralpisalo'}, {'id': 11657, 'name': 'US Triestina Calcio 1918'}]",2024-11-17T16:30:00,False,False,22,Italy,1,Soccer,5691,Serie C,,,,,3854122,51546915,5365978,11692,Feralpisalo,11657,US Triestina Calcio 1918
6407658,Cavese vs Taranto,1,0,,,"[{'id': 11688, 'name': 'Cavese 1919'}, {'id': 27092, 'name': 'Taranto FC 1927'}]",2024-11-17T16:30:00,False,False,22,Italy,1,Soccer,5691,Serie C,,,,,3854187,51548617,5463759,11688,Cavese 1919,27092,Taranto FC 1927
6407695,Altamura vs ACR Messina,1,0,,,"[{'id': 27098, 'name': 'Asd Team Altamura'}, {'id': 23509, 'name': 'Acr Messina'}]",2024-11-17T14:00:00,False,False,22,Italy,1,Soccer,5691,Serie C,,,,,3854185,51548631,5463741,27098,Asd Team Altamura,23509,Acr Messina
6407701,Benevento vs Avellino,1,0,,,"[{'id': 11066, 'name': 'Benevento Calcio'}, {'id': 15407, 'name': 'US Avellino 1912'}]",2024-11-17T16:30:00,False,False,22,Italy,1,Soccer,5691,Serie C,,,,,3854186,,5464185,11066,Benevento Calcio,15407,US Avellino 1912
6396306,Real Oviedo v Tenerife CD,1,0,,,"[{'id': 10876, 'name': 'Real Oviedo'}, {'id': 10964, 'name': 'Tenerife CD'}]",2024-11-17T15:15:00,False,False,23,Spain,1,Soccer,30,La Liga 2,,,,,,,,10876,Real Oviedo,10964,Tenerife CD
6407023,L.R. Vicenza vs Pro Vercelli,1,0,,,"[{'id': 11656, 'name': 'LR Vicenza Virtus'}, {'id': 11674, 'name': 'FC Pro Vercelli 1892'}]",2024-11-17T14:00:00,False,False,22,Italy,1,Soccer,5691,Serie C,,,,,3854234,51546919,5463737,11656,LR Vicenza Virtus,11674,FC Pro Vercelli 1892
6402564,UD Almeria v RC Deportivo La Coruna,1,0,,,"[{'id': 10971, 'name': 'UD Almeria'}, {'id': 10978, 'name': 'RC Deportivo La Coruna'}]",2024-11-17T17:30:00,False,False,23,Spain,1,Soccer,30,La Liga 2,,,,,,,,10971,UD Almeria,10978,RC Deportivo La Coruna
6396304,FC Cartagena v SD Huesca,1,0,,,"[{'id': 19251, 'name': 'FC Cartagena'}, {'id': 10976, 'name': 'SD Huesca'}]",2024-11-17T17:30:00,False,False,23,Spain,1,Soccer,30,La Liga 2,,,,,,,,19251,FC Cartagena,10976,SD Huesca
6407704,Monopoli vs Audace Cerignola,1,0,,,"[{'id': 11690, 'name': 'SS Monopoli 1966'}, {'id': 27099, 'name': 'Usd Audace Cerignola'}]",2024-11-18T19:30:00,False,False,22,Italy,1,Soccer,5691,Serie C,,,,,3854188,51548627,5369328,11690,SS Monopoli 1966,27099,Usd Audace Cerignola
6389593,AFC Wimbledon vs Accrington,1,0,,,"[{'id': 11484, 'name': 'AFC Wimbledon'}, {'id': 11472, 'name': 'Accrington Stanley'}]",2024-11-19T19:45:00,False,False,25,England,1,Soccer,173,League Two,,,,,3850872,,5458874,11484,AFC Wimbledon,11472,Accrington Stanley
6347131,Colombia v Ecuador,1,0,,,"[{'id': 11978, 'name': 'Colombia'}, {'id': 11979, 'name': 'Ecuador'}]",2024-11-19T23:00:00,False,False,44,International,1,Soccer,8655,FIFA World Cup 2022,,,,,,,,11978,Colombia,11979,Ecuador
6347123,Bolivia v Paraguay,1,0,,,"[{'id': 11975, 'name': 'Bolivia'}, {'id': 11976, 'name': 'Paraguay'}]",2024-11-19T20:00:00,False,False,44,International,1,Soccer,8655,FIFA World Cup 2022,,,,,,,,11975,Bolivia,11976,Paraguay
6385267,Bradford City v Rotherham United,1,0,,,"[{'id': 12573, 'name': 'Bradford City'}, {'id': 11461, 'name': 'Rotherham United'}]",2024-11-19T19:30:00,False,False,25,England,1,Soccer,499,EFL Trophy,,,,,,,,12573,Bradford City,11461,Rotherham United
