id,name,status,tradingStatus,statusDescription,season,competitors,startTime,isOutright,isBetBuilderSupported,country_id,country_name,sport_id,sport_name,competition_id,competition_name,customDisplayData_EID,customDisplayData_BRID,customDisplayData_SFID,home_team_id,home_team_name,away_team_id,away_team_name
6222185,FC Bocholt 1900 v RW Oberhausen,1,3,,,"[{'id': 26107, 'name': 'FC Bocholt 1900'}, {'id': 23203, 'name': 'RW Oberhausen'}]",2024-11-09T13:00:00,False,False,1,Germany,1,Soccer,2387,Regionalliga West,,,,26107,FC Bocholt 1900,23203,RW Oberhausen
6214607,Aquila Basket Trento v Trieste 2004,1,0,,,"[{'id': 38873, 'name': 'Aquila Basket Trento'}, {'id': 38874, 'name': 'Trieste 2004'}]",2024-11-09T19:30:00,False,False,22,Italy,8,Basketball,4467,Serie A,,,,38873,Aquila Basket Trento,38874,Trieste 2004
6225479,Casertana vs Monopoli,1,0,,,"[{'id': 11696, 'name': 'Casertana FC'}, {'id': 11690, 'name': 'SS Monopoli 1966'}]",2024-11-09T14:00:00,False,False,22,Italy,1,Soccer,5691,Serie C,5766087,51548597,5430766,11696,Casertana FC,11690,SS Monopoli 1966
6220531,Eastleigh FC v Braintree Town FC,1,0,,,"[{'id': 13030, 'name': 'Eastleigh FC'}, {'id': 15308, 'name': 'Braintree Town FC'}]",2024-11-09T15:00:00,False,False,25,England,1,Soccer,229,National League,,,,13030,Eastleigh FC,15308,Braintree Town FC
6221801,AFC Fylde v Gateshead FC,1,0,,,"[{'id': 13041, 'name': 'AFC Fylde'}, {'id': 13021, 'name': 'Gateshead FC'}]",2024-11-09T15:00:00,False,False,25,England,1,Soccer,229,National League,,,,13041,AFC Fylde,13021,Gateshead FC
6221309,Boston United FC v Dagenham and Redbridge FC,1,0,,,"[{'id': 13014, 'name': 'Boston United FC'}, {'id': 14581, 'name': 'Dagenham and Redbridge FC'}]",2024-11-09T15:00:00,False,False,25,England,1,Soccer,229,National League,,,,13014,Boston United FC,14581,Dagenham and Redbridge FC
6225512,Barnet FC v Oldham Athletic,1,0,,,"[{'id': 12994, 'name': 'Barnet FC'}, {'id': 12854, 'name': 'Oldham Athletic'}]",2024-11-09T17:30:00,False,False,25,England,1,Soccer,229,National League,,,,12994,Barnet FC,12854,Oldham Athletic
6221349,Aldershot Town FC v Wealdstone FC,1,0,,,"[{'id': 14603, 'name': 'Aldershot Town FC'}, {'id': 15310, 'name': 'Wealdstone FC'}]",2024-11-09T12:30:00,False,False,25,England,1,Soccer,229,National League,,,,14603,Aldershot Town FC,15310,Wealdstone FC
6221650,Cagliari Calcio v AC Milan,1,0,,,"[{'id': 10920, 'name': 'Cagliari Calcio'}, {'id': 10913, 'name': 'AC Milan'}]",2024-11-09T17:00:00,False,False,22,Italy,1,Soccer,28,Serie A,,,,10920,Cagliari Calcio,10913,AC Milan
6221814,CD Mirandes v Cadiz CF,1,0,,,"[{'id': 10980, 'name': 'CD Mirandes'}, {'id': 10972, 'name': 'Cadiz CF'}]",2024-11-09T15:15:00,False,False,23,Spain,1,Soccer,30,La Liga 2,,,,10980,CD Mirandes,10972,Cadiz CF
6214292,Ueb Cividale v Real Sebastiani Rieti,1,1,,,"[{'id': 69560, 'name': 'Ueb Cividale'}, {'id': 66411, 'name': 'Real Sebastiani Rieti'}]",2024-11-09T19:00:00,False,False,22,Italy,8,Basketball,5778,Serie A2,,,,69560,Ueb Cividale,66411,Real Sebastiani Rieti
6214703,BG Gottingen v MLP Academics Heidelberg,1,0,,,"[{'id': 50394, 'name': 'BG Gottingen'}, {'id': 60237, 'name': 'MLP Academics Heidelberg'}]",2024-11-09T19:00:00,False,False,1,Germany,8,Basketball,4665,BBL,,,,50394,BG Gottingen,60237,MLP Academics Heidelberg
6214512,Reggiana v Derthona Basket,1,0,,,"[{'id': 38869, 'name': 'Reggiana'}, {'id': 40312, 'name': 'Derthona Basket'}]",2024-11-09T19:00:00,False,False,22,Italy,8,Basketball,4467,Serie A,,,,38869,Reggiana,40312,Derthona Basket
6224127,Lucchese vs Legnago Salus,1,0,,,"[{'id': 26960, 'name': 'AS Lucchese Libertas 1905'}, {'id': 27000, 'name': 'FC Legnago Salus SSD'}]",2024-11-09T14:00:00,False,False,22,Italy,1,Soccer,5691,Serie C,5766085,51547715,5430321,26960,AS Lucchese Libertas 1905,27000,FC Legnago Salus SSD
6222188,1. FC Magdeburg v SSV Ulm 1846,1,0,,,"[{'id': 11333, 'name': '1. FC Magdeburg'}, {'id': 17492, 'name': 'SSV Ulm 1846'}]",2024-11-09T12:00:00,False,False,1,Germany,1,Soccer,2,2nd Bundesliga,,,,11333,1. FC Magdeburg,17492,SSV Ulm 1846
6220742,Juventus Turin v FC Torino,1,0,,,"[{'id': 10863, 'name': 'Juventus Turin'}, {'id': 10919, 'name': 'FC Torino'}]",2024-11-09T19:45:00,False,False,22,Italy,1,Soccer,28,Serie A,,,,10863,Juventus Turin,10919,FC Torino
6225061,Latina vs Sorrento,1,0,,,"[{'id': 27079, 'name': 'US Latina Calcio 1932'}, {'id': 23500, 'name': 'Sorrento Calcio'}]",2024-11-09T16:30:00,False,False,22,Italy,1,Soccer,5691,Serie C,5766088,51548603,5430441,27079,US Latina Calcio 1932,23500,Sorrento Calcio
6225130,Picerno vs Benevento,1,0,,,"[{'id': 16115, 'name': 'AZ Picerno'}, {'id': 11066, 'name': 'Benevento Calcio'}]",2024-11-09T16:30:00,False,False,22,Italy,1,Soccer,5691,Serie C,5766089,51548595,5387367,16115,AZ Picerno,11066,Benevento Calcio
6221010,Rochdale AFC v Sutton United FC,1,0,,,"[{'id': 11473, 'name': 'Rochdale AFC'}, {'id': 14609, 'name': 'Sutton United FC'}]",2024-11-09T15:00:00,False,False,25,England,1,Soccer,229,National League,,,,11473,Rochdale AFC,14609,Sutton United FC
6221229,Maidenhead United FC v Forest Green Rovers,1,0,,,"[{'id': 13024, 'name': 'Maidenhead United FC'}, {'id': 12785, 'name': 'Forest Green Rovers'}]",2024-11-09T15:00:00,False,False,25,England,1,Soccer,229,National League,,,,13024,Maidenhead United FC,12785,Forest Green Rovers
6221340,1. FC Duren v Turkspor Dortmund 2000,1,3,,,"[{'id': 26135, 'name': '1. FC Duren'}, {'id': 36442, 'name': 'Turkspor Dortmund 2000'}]",2024-11-09T13:00:00,False,False,1,Germany,1,Soccer,2387,Regionalliga West,,,,26135,1. FC Duren,36442,Turkspor Dortmund 2000
6214615,Urania Milano v Juvi Cremona 1952,1,1,,,"[{'id': 63015, 'name': 'Urania Milano'}, {'id': 69559, 'name': 'Juvi Cremona 1952'}]",2024-11-09T19:30:00,False,False,22,Italy,8,Basketball,5778,Serie A2,,,,63015,Urania Milano,69559,Juvi Cremona 1952
6223405,RC Strasbourg Alsace v AS Monaco FC,1,0,,,"[{'id': 10313, 'name': 'RC Strasbourg Alsace'}, {'id': 10306, 'name': 'AS Monaco FC'}]",2024-11-09T16:00:00,False,False,66,France,1,Soccer,358,Ligue 1,,,,10313,RC Strasbourg Alsace,10306,AS Monaco FC
6221862,1. FC Cologne v SpVgg Greuther Furth,1,0,,,"[{'id': 10874, 'name': '1. FC Cologne'}, {'id': 11076, 'name': 'SpVgg Greuther Furth'}]",2024-11-09T12:00:00,False,False,1,Germany,1,Soccer,2,2nd Bundesliga,,,,10874,1. FC Cologne,11076,SpVgg Greuther Furth
6221569,Real Madrid v CA Osasuna,1,0,,,"[{'id': 11026, 'name': 'Real Madrid'}, {'id': 11018, 'name': 'CA Osasuna'}]",2024-11-09T13:00:00,False,False,23,Spain,1,Soccer,29,La Liga,,,,11026,Real Madrid,11018,CA Osasuna
6224648,Harrogate vs Morecambe,1,0,,,"[{'id': 13022, 'name': 'Harrogate Town FC'}, {'id': 12566, 'name': 'Morecambe FC'}]",2024-11-09T12:30:00,False,False,25,England,1,Soccer,173,League Two,5765996,51099029,5399360,13022,Harrogate Town FC,12566,Morecambe FC
6221173,Trapani vs Cavese,1,0,,,"[{'id': 11082, 'name': 'Trapani Calcio'}, {'id': 11688, 'name': 'Cavese 1919'}]",2024-11-09T14:00:00,False,False,22,Italy,1,Soccer,5691,Serie C,5766090,51548609,5430942,11082,Trapani Calcio,11688,Cavese 1919
6222054,Southend United v Yeovil Town,1,0,,,"[{'id': 11464, 'name': 'Southend United'}, {'id': 13016, 'name': 'Yeovil Town'}]",2024-11-09T15:00:00,False,False,25,England,1,Soccer,229,National League,,,,11464,Southend United,13016,Yeovil Town
6354145,Celta de Vigo B v Ourense CF,1,1,,,"[{'id': 23395, 'name': 'Celta de Vigo B'}, {'id': 19077, 'name': 'Ourense CF'}]",2024-11-09T18:30:00,False,False,23,Spain,1,Soccer,11129,Primera Division Rfef,,,,23395,Celta de Vigo B,19077,Ourense CF
6225011,Gillingham vs Port Vale,1,0,,,"[{'id': 11471, 'name': 'Gillingham FC'}, {'id': 12628, 'name': 'Port Vale'}]",2024-11-09T15:00:00,False,False,25,England,1,Soccer,173,League Two,5766008,51099027,5399378,11471,Gillingham FC,12628,Port Vale
6333889,Leeds vs QPR,1,0,,,"[{'id': 10902, 'name': 'Leeds United'}, {'id': 10895, 'name': 'Queens Park Rangers'}]",2024-11-09T15:00:00,False,False,25,England,1,Soccer,32,Championship,5765974,51095433,5424912,10902,Leeds United,10895,Queens Park Rangers
6221619,1. FSV Mainz 05 v Borussia Dortmund,1,0,,,"[{'id': 10949, 'name': '1. FSV Mainz 05'}, {'id': 10787, 'name': 'Borussia Dortmund'}]",2024-11-09T14:30:00,False,False,1,Germany,1,Soccer,1,Bundesliga,,,,10949,1. FSV Mainz 05,10787,Borussia Dortmund
6218694,CD Leganes v FC Sevilla,1,0,,,"[{'id': 11031, 'name': 'CD Leganes'}, {'id': 11028, 'name': 'FC Sevilla'}]",2024-11-09T20:00:00,False,False,23,Spain,1,Soccer,29,La Liga,,,,11031,CD Leganes,11028,FC Sevilla
6224463,Malaga CF v FC Cartagena,1,0,,,"[{'id': 10974, 'name': 'Malaga CF'}, {'id': 19251, 'name': 'FC Cartagena'}]",2024-11-09T20:00:00,False,False,23,Spain,1,Soccer,30,La Liga 2,,,,10974,Malaga CF,19251,FC Cartagena
6354157,Athletic Bilbao B v Gimnastic de Tarragona,1,1,,,"[{'id': 19247, 'name': 'Athletic Bilbao B'}, {'id': 22146, 'name': 'Gimnastic de Tarragona'}]",2024-11-09T15:00:00,False,False,23,Spain,1,Soccer,11129,Primera Division Rfef,,,,19247,Athletic Bilbao B,22146,Gimnastic de Tarragona
6221529,Kyoto Sanga FC v Kawasaki Frontale,1,0,,,"[{'id': 15884, 'name': 'Kyoto Sanga FC'}, {'id': 14240, 'name': 'Kawasaki Frontale'}]",2024-11-09T05:00:00,False,False,59,Japan,1,Soccer,215,J.League,,,,15884,Kyoto Sanga FC,14240,Kawasaki Frontale
6221186,Sagan Tosu v Yokohama F Marinos,1,0,,,"[{'id': 14251, 'name': 'Sagan Tosu'}, {'id': 12916, 'name': 'Yokohama F Marinos'}]",2024-11-09T05:00:00,False,False,59,Japan,1,Soccer,215,J.League,,,,14251,Sagan Tosu,12916,Yokohama F Marinos
6220508,Jubilo Iwata v Gamba Osaka,1,0,,,"[{'id': 15885, 'name': 'Jubilo Iwata'}, {'id': 14254, 'name': 'Gamba Osaka'}]",2024-11-09T06:00:00,False,False,59,Japan,1,Soccer,215,J.League,,,,15885,Jubilo Iwata,14254,Gamba Osaka
6221511,Cerezo Osaka v Avispa Fukuoka,1,0,,,"[{'id': 14255, 'name': 'Cerezo Osaka'}, {'id': 15879, 'name': 'Avispa Fukuoka'}]",2024-11-09T06:00:00,False,False,59,Japan,1,Soccer,215,J.League,,,,14255,Cerezo Osaka,15879,Avispa Fukuoka
6372697,Stade Poitevin Poitiers v Paris Volley,1,3,,,"[{'id': 51213, 'name': 'Stade Poitevin Poitiers'}, {'id': 50389, 'name': 'Paris Volley'}]",2024-11-09T18:00:00,False,False,66,France,11,Volleyball,4796,Ligue A,,,,51213,Stade Poitevin Poitiers,50389,Paris Volley
6081533,Spacers Toulouse Volley v Tourcoing Lille Metropole,1,3,,,"[{'id': 50388, 'name': 'Spacers Toulouse Volley'}, {'id': 49344, 'name': 'Tourcoing Lille Metropole'}]",2024-11-09T17:00:00,False,False,66,France,11,Volleyball,4796,Ligue A,,,,50388,Spacers Toulouse Volley,49344,Tourcoing Lille Metropole
6333877,Sunderland vs Coventry,1,0,,,"[{'id': 11487, 'name': 'Sunderland AFC'}, {'id': 10152, 'name': 'Coventry City'}]",2024-11-09T15:00:00,False,False,25,England,1,Soccer,32,Championship,5765977,51095457,5424897,11487,Sunderland AFC,10152,Coventry City
6333854,Stoke vs Millwall,1,0,,,"[{'id': 10896, 'name': 'Stoke City'}, {'id': 10897, 'name': 'Millwall FC'}]",2024-11-09T12:30:00,False,False,25,England,1,Soccer,32,Championship,5765970,51095453,5429338,10896,Stoke City,10897,Millwall FC
6173084,Plessis Robinson vs. Chaumont 52,1,3,,,"[{'id': 57392, 'name': 'Plessis Robinson'}, {'id': 47665, 'name': 'Chaumont 52'}]",2024-11-09T18:00:00,False,False,66,France,11,Volleyball,4796,Ligue A,,,,57392,Plessis Robinson,47665,Chaumont 52
6045554,St. Nazaire VB v Nice Volley Ball,1,3,,,"[{'id': 57393, 'name': 'St. Nazaire VB'}, {'id': 49342, 'name': 'Nice Volley Ball'}]",2024-11-09T19:00:00,False,False,66,France,11,Volleyball,4796,Ligue A,,,,57393,St. Nazaire VB,49342,Nice Volley Ball
6224843,Bristol Rovers vs Lincoln,1,0,,,"[{'id': 11462, 'name': 'Bristol Rovers'}, {'id': 11467, 'name': 'Lincoln City'}]",2024-11-09T15:00:00,False,False,25,England,1,Soccer,52,League One,5765981,51093397,5415457,11462,Bristol Rovers,11467,Lincoln City
6221473,Doncaster vs Notts Co,1,0,,,"[{'id': 11470, 'name': 'Doncaster Rovers'}, {'id': 12975, 'name': 'Notts County'}]",2024-11-09T15:00:00,False,False,25,England,1,Soccer,173,League Two,5766005,51099023,5399369,11470,Doncaster Rovers,12975,Notts County
6220661,Barrow vs Colchester,1,0,,,"[{'id': 14606, 'name': 'Barrow AFC'}, {'id': 12985, 'name': 'Colchester United'}]",2024-11-09T15:00:00,False,False,25,England,1,Soccer,173,League Two,5766000,51099017,5399376,14606,Barrow AFC,12985,Colchester United
6221068,Cheltenham vs Bromley,1,0,,,"[{'id': 10530, 'name': 'Cheltenham Town'}, {'id': 13026, 'name': 'Bromley FC'}]",2024-11-09T15:00:00,False,False,25,England,1,Soccer,173,League Two,5766002,51099019,5399368,10530,Cheltenham Town,13026,Bromley FC
6222336,Chesterfield vs Accrington,1,0,,,"[{'id': 14617, 'name': 'Chesterfield FC'}, {'id': 11472, 'name': 'Accrington Stanley'}]",2024-11-09T15:00:00,False,False,25,England,1,Soccer,173,League Two,5766003,51099021,5399365,14617,Chesterfield FC,11472,Accrington Stanley
6221638,Fleetwood vs Bradford City,1,0,,,"[{'id': 11200, 'name': 'Fleetwood Town'}, {'id': 12573, 'name': 'Bradford City'}]",2024-11-09T15:00:00,False,False,25,England,1,Soccer,173,League Two,5766007,51099025,5399374,11200,Fleetwood Town,12573,Bradford City
6222202,Tranmere vs Newport,1,0,,,"[{'id': 11465, 'name': 'Tranmere Rovers'}, {'id': 12723, 'name': 'Newport County AFC'}]",2024-11-09T15:00:00,False,False,25,England,1,Soccer,173,League Two,5766010,51099035,5399359,11465,Tranmere Rovers,12723,Newport County AFC
6220977,Arzignano vs Pergolettese,1,0,,,"[{'id': 15877, 'name': 'FC Arzignano Valchiampo'}, {'id': 16113, 'name': 'US Pergolettese 1932'}]",2024-11-09T14:00:00,False,False,22,Italy,1,Soccer,5691,Serie C,5766080,51546891,5430193,15877,FC Arzignano Valchiampo,16113,US Pergolettese 1932
6354209,Atalanta U23 vs Pro Patria,1,0,,,"[{'id': 487843, 'name': 'Atalanta BC U23'}, {'id': 11667, 'name': 'Aurora Pro Patria 1919'}]",2024-11-09T14:00:00,False,False,22,Italy,1,Soccer,5691,Serie C,5766081,51546893,5430296,487843,Atalanta BC U23,11667,Aurora Pro Patria 1919
6222241,Lecco vs Virtus Verona,1,0,,,"[{'id': 25087, 'name': 'Calcio Lecco 1912'}, {'id': 23491, 'name': 'Virtus Vecomp Verona'}]",2024-11-09T16:30:00,False,False,22,Italy,1,Soccer,5691,Serie C,5766084,51546897,5430672,25087,Calcio Lecco 1912,23491,Virtus Vecomp Verona
6221007,York City FC v Hartlepool United FC,1,0,,,"[{'id': 12991, 'name': 'York City FC'}, {'id': 13010, 'name': 'Hartlepool United FC'}]",2024-11-09T12:30:00,False,False,25,England,1,Soccer,229,National League,,,,12991,York City FC,13010,Hartlepool United FC
6221412,Venezia v Parma Calcio 1913,1,0,,,"[{'id': 11219, 'name': 'Venezia'}, {'id': 10911, 'name': 'Parma Calcio 1913'}]",2024-11-09T14:00:00,False,False,22,Italy,1,Soccer,28,Serie A,,,,11219,Venezia,10911,Parma Calcio 1913
6333840,Portsmouth vs Preston,1,0,,,"[{'id': 11202, 'name': 'Portsmouth FC'}, {'id': 10889, 'name': 'Preston North End'}]",2024-11-09T15:00:00,False,False,25,England,1,Soccer,32,Championship,5765976,51095445,5424910,11202,Portsmouth FC,10889,Preston North End
6221689,Tamworth FC v Ebbsfleet United FC,1,0,,,"[{'id': 27696, 'name': 'Tamworth FC'}, {'id': 13013, 'name': 'Ebbsfleet United FC'}]",2024-11-09T15:00:00,False,False,25,England,1,Soccer,229,National League,,,,27696,Tamworth FC,13013,Ebbsfleet United FC
6222259,Brescia vs Cosenza,1,0,,,"[{'id': 10916, 'name': 'Brescia Calcio'}, {'id': 11214, 'name': 'Cosenza Calcio'}]",2024-11-09T14:00:00,False,False,22,Italy,1,Soccer,40,Serie B,5766068,51467825,5430416,10916,Brescia Calcio,11214,Cosenza Calcio
6333845,Norwich vs Bristol City,1,0,,,"[{'id': 10941, 'name': 'Norwich City'}, {'id': 10906, 'name': 'Bristol City'}]",2024-11-09T15:00:00,False,False,25,England,1,Soccer,32,Championship,5765975,51095441,5424908,10941,Norwich City,10906,Bristol City
6220935,Wrexham vs Mansfield,1,0,,,"[{'id': 12983, 'name': 'Wrexham AFC'}, {'id': 12315, 'name': 'Mansfield Town'}]",2024-11-09T12:30:00,False,False,25,England,1,Soccer,52,League One,5765979,51093415,5415452,12983,Wrexham AFC,12315,Mansfield Town
6222278,VfL Osnabruck vs SG Dynamo Dresden,1,0,,,"[{'id': 11099, 'name': 'VfL 1899 Osnabruck'}, {'id': 10772, 'name': 'SG Dynamo Dresden'}]",2024-11-09T13:00:00,False,False,1,Germany,1,Soccer,25,3rd Liga,5766047,51446909,5331513,11099,VfL 1899 Osnabruck,10772,SG Dynamo Dresden
6223937,Walsall vs Crewe,1,0,,,"[{'id': 12499, 'name': 'Walsall FC'}, {'id': 12640, 'name': 'Crewe Alexandra'}]",2024-11-09T15:00:00,False,False,25,England,1,Soccer,173,League Two,5766012,51099037,5399361,12499,Walsall FC,12640,Crewe Alexandra
6220843,FC Lorient v EA Guingamp,1,0,,,"[{'id': 10243, 'name': 'FC Lorient'}, {'id': 10308, 'name': 'EA Guingamp'}]",2024-11-09T13:00:00,False,False,66,France,1,Soccer,297,Ligue 2,,,,10243,FC Lorient,10308,EA Guingamp
6223896,Modena vs Carrarese,1,0,,,"[{'id': 25097, 'name': 'Modena FC'}, {'id': 11666, 'name': 'Carrarese Calcio 1908'}]",2024-11-09T14:00:00,False,False,22,Italy,1,Soccer,40,Serie B,5766069,51467835,5429476,25097,Modena FC,11666,Carrarese Calcio 1908
6333838,Middlesbrough vs Luton,1,0,,,"[{'id': 10908, 'name': 'Middlesbrough FC'}, {'id': 10904, 'name': 'Luton Town'}]",2024-11-09T12:30:00,False,False,25,England,1,Soccer,32,Championship,5765969,51095437,5429337,10908,Middlesbrough FC,10904,Luton Town
6223032,Werder Bremen v Holstein Kiel,1,0,,,"[{'id': 10873, 'name': 'Werder Bremen'}, {'id': 11097, 'name': 'Holstein Kiel'}]",2024-11-09T14:30:00,False,False,1,Germany,1,Soccer,1,Bundesliga,,,,10873,Werder Bremen,11097,Holstein Kiel
6220986,Solihull Moors FC v Altrincham FC,1,0,,,"[{'id': 13031, 'name': 'Solihull Moors FC'}, {'id': 13012, 'name': 'Altrincham FC'}]",2024-11-09T15:00:00,False,False,25,England,1,Soccer,229,National League,,,,13031,Solihull Moors FC,13012,Altrincham FC
6221594,Brentford FC v AFC Bournemouth,1,0,,,"[{'id': 10909, 'name': 'Brentford FC'}, {'id': 10946, 'name': 'AFC Bournemouth'}]",2024-11-09T15:00:00,False,False,25,England,1,Soccer,33,Premier League,,,,10909,Brentford FC,10946,AFC Bournemouth
6333876,Derby vs Plymouth,1,0,,,"[{'id': 10899, 'name': 'Derby County'}, {'id': 12298, 'name': 'Plymouth Argyle'}]",2024-11-09T15:00:00,False,False,25,England,1,Soccer,32,Championship,5765972,51095421,5424909,10899,Derby County,12298,Plymouth Argyle
6221857,Halifax Town v Woking FC,1,0,,,"[{'id': 14582, 'name': 'Halifax Town'}, {'id': 14293, 'name': 'Woking FC'}]",2024-11-09T15:00:00,False,False,25,England,1,Soccer,229,National League,,,,14582,Halifax Town,14293,Woking FC
6221674,Birmingham vs Northampton,1,0,,,"[{'id': 10894, 'name': 'Birmingham City'}, {'id': 10513, 'name': 'Northampton Town'}]",2024-11-09T15:00:00,False,False,25,England,1,Soccer,52,League One,5765980,51093395,5415460,10894,Birmingham City,10513,Northampton Town
6221539,SD Huesca v Real Zaragoza,1,0,,,"[{'id': 10976, 'name': 'SD Huesca'}, {'id': 10970, 'name': 'Real Zaragoza'}]",2024-11-09T17:30:00,False,False,23,Spain,1,Soccer,30,La Liga 2,,,,10976,SD Huesca,10970,Real Zaragoza
6215354,Elan Chalon v Le Mans Sarthe Basket,1,0,,,"[{'id': 47379, 'name': 'Elan Chalon'}, {'id': 38670, 'name': 'Le Mans Sarthe Basket'}]",2024-11-09T17:00:00,False,False,66,France,8,Basketball,4422,Pro A,,,,47379,Elan Chalon,38670,Le Mans Sarthe Basket
6214937,Sluc Nancy Basket v BCM Gravelines Dunkerque,1,0,,,"[{'id': 48215, 'name': 'Sluc Nancy Basket'}, {'id': 48634, 'name': 'BCM Gravelines Dunkerque'}]",2024-11-09T19:30:00,False,False,66,France,8,Basketball,4422,Pro A,,,,48215,Sluc Nancy Basket,48634,BCM Gravelines Dunkerque
6222493,Granada CF v Club Deportivo Eldense,1,0,,,"[{'id': 10868, 'name': 'Granada CF'}, {'id': 30910, 'name': 'Club Deportivo Eldense'}]",2024-11-09T17:30:00,False,False,23,Spain,1,Soccer,30,La Liga 2,,,,10868,Granada CF,30910,Club Deportivo Eldense
6224875,SC Wiedenbruck v Fortuna Dusseldorf II,1,3,,,"[{'id': 20017, 'name': 'SC Wiedenbruck'}, {'id': 23207, 'name': 'Fortuna Dusseldorf II'}]",2024-11-09T13:00:00,False,False,1,Germany,1,Soccer,2387,Regionalliga West,,,,20017,SC Wiedenbruck,23207,Fortuna Dusseldorf II
6224970,SV Darmstadt 1898 v Hertha BSC,1,0,,,"[{'id': 10871, 'name': 'SV Darmstadt 1898'}, {'id': 10784, 'name': 'Hertha BSC'}]",2024-11-09T12:00:00,False,False,1,Germany,1,Soccer,2,2nd Bundesliga,,,,10871,SV Darmstadt 1898,10784,Hertha BSC
6222329,MK Dons vs Swindon,1,0,,,"[{'id': 11469, 'name': 'Milton Keynes Dons'}, {'id': 12357, 'name': 'Swindon Town'}]",2024-11-09T15:00:00,False,False,25,England,1,Soccer,173,League Two,5766009,51099031,5399362,11469,Milton Keynes Dons,12357,Swindon Town
6214754,Limoges CSP v Cholet Basket,1,0,,,"[{'id': 39837, 'name': 'Limoges CSP'}, {'id': 39004, 'name': 'Cholet Basket'}]",2024-11-09T17:00:00,False,False,66,France,8,Basketball,4422,Pro A,,,,39837,Limoges CSP,39004,Cholet Basket
6333841,Cardiff vs Blackburn,1,0,,,"[{'id': 10900, 'name': 'Cardiff City'}, {'id': 10882, 'name': 'Blackburn Rovers'}]",2024-11-09T12:30:00,False,False,25,England,1,Soccer,32,Championship,5765966,51095417,5429336,10900,Cardiff City,10882,Blackburn Rovers
6223516,Fortuna Dusseldorf v SC Paderborn 07,1,0,,,"[{'id': 10786, 'name': 'Fortuna Dusseldorf'}, {'id': 10872, 'name': 'SC Paderborn 07'}]",2024-11-09T19:30:00,False,False,1,Germany,1,Soccer,2,2nd Bundesliga,,,,10786,Fortuna Dusseldorf,10872,SC Paderborn 07
6355698,Pescara vs Sestri Levante,1,0,,,"[{'id': 11212, 'name': 'Delfino Pescara 1936'}, {'id': 53630, 'name': 'Usd Sestri Levante 1919'}]",2024-11-09T16:30:00,False,False,22,Italy,1,Soccer,5691,Serie C,5766086,51547721,5430345,11212,Delfino Pescara 1936,53630,Usd Sestri Levante 1919
6223778,Peterborough vs Cambridge Utd,1,0,,,"[{'id': 11463, 'name': 'Peterborough United'}, {'id': 10164, 'name': 'Cambridge United'}]",2024-11-09T15:00:00,False,False,25,England,1,Soccer,52,League One,5765990,51093407,5415451,11463,Peterborough United,10164,Cambridge United
6221404,Crystal Palace v Fulham FC,1,0,,,"[{'id': 10940, 'name': 'Crystal Palace'}, {'id': 10892, 'name': 'Fulham FC'}]",2024-11-09T15:00:00,False,False,25,England,1,Soccer,33,Premier League,,,,10940,Crystal Palace,10892,Fulham FC
6224972,Leyton Orient vs Blackpool,1,0,,,"[{'id': 12233, 'name': 'Leyton Orient'}, {'id': 11468, 'name': 'Blackpool'}]",2024-11-09T15:00:00,False,False,25,England,1,Soccer,52,League One,5765988,51093405,5415454,12233,Leyton Orient,11468,Blackpool
6222063,Exeter vs Charlton,1,0,,,"[{'id': 13002, 'name': 'Exeter City'}, {'id': 10907, 'name': 'Charlton Athletic'}]",2024-11-09T15:00:00,False,False,25,England,1,Soccer,52,League One,5765986,51093403,5415458,13002,Exeter City,10907,Charlton Athletic
6221796,Shonan Bellmare v Hokkaido Consadole Sapporo,1,0,,,"[{'id': 14260, 'name': 'Shonan Bellmare'}, {'id': 14586, 'name': 'Hokkaido Consadole Sapporo'}]",2024-11-09T05:00:00,False,False,59,Japan,1,Soccer,215,J.League,,,,14260,Shonan Bellmare,14586,Hokkaido Consadole Sapporo
6221553,Pisa vs Sampdoria,1,0,,,"[{'id': 11064, 'name': 'SC Pisa'}, {'id': 10867, 'name': 'UC Sampdoria'}]",2024-11-09T14:00:00,False,False,22,Italy,1,Soccer,40,Serie B,5766070,51467837,5430772,11064,SC Pisa,10867,UC Sampdoria
6362516,Arenas Club de Getxo v Deportivo Alaves B,1,1,,,"[{'id': 23422, 'name': 'Arenas Club de Getxo'}, {'id': 23413, 'name': 'Deportivo Alaves B'}]",2024-11-09T16:00:00,False,False,23,Spain,1,Soccer,578,Second Division B,,,,23422,Arenas Club de Getxo,23413,Deportivo Alaves B
6361838,Bergantinos CF v SD Compostela,1,1,,,"[{'id': 22226, 'name': 'Bergantinos CF'}, {'id': 18720, 'name': 'SD Compostela'}]",2024-11-09T16:00:00,False,False,23,Spain,1,Soccer,578,Second Division B,,,,22226,Bergantinos CF,18720,SD Compostela
6361823,CD Guijuelo v UP Langreo,1,1,,,"[{'id': 22186, 'name': 'CD Guijuelo'}, {'id': 22216, 'name': 'UP Langreo'}]",2024-11-09T16:00:00,False,False,23,Spain,1,Soccer,578,Second Division B,,,,22186,CD Guijuelo,22216,UP Langreo
6361815,UD Llanera v Real Valladolid B,1,1,,,"[{'id': 19457, 'name': 'UD Llanera'}, {'id': 18611, 'name': 'Real Valladolid B'}]",2024-11-09T15:00:00,False,False,23,Spain,1,Soccer,578,Second Division B,,,,19457,UD Llanera,18611,Real Valladolid B
6221795,Machida Zelvia v FC Tokyo,1,0,,,"[{'id': 15863, 'name': 'Machida Zelvia'}, {'id': 12908, 'name': 'FC Tokyo'}]",2024-11-09T05:00:00,False,False,59,Japan,1,Soccer,215,J.League,,,,15863,Machida Zelvia,12908,FC Tokyo
6221231,Stevenage vs Reading,1,0,,,"[{'id': 12641, 'name': 'Stevenage FC'}, {'id': 10898, 'name': 'Reading FC'}]",2024-11-09T15:00:00,False,False,25,England,1,Soccer,52,League One,5765992,51093409,5415455,12641,Stevenage FC,10898,Reading FC
6220758,RC Lens v FC Nantes,1,0,,,"[{'id': 10302, 'name': 'RC Lens'}, {'id': 10301, 'name': 'FC Nantes'}]",2024-11-09T18:00:00,False,False,66,France,1,Soccer,358,Ligue 1,,,,10302,RC Lens,10301,FC Nantes
6220928,Kashima Antlers v Nagoya Grampus,1,0,,,"[{'id': 12919, 'name': 'Kashima Antlers'}, {'id': 14268, 'name': 'Nagoya Grampus'}]",2024-11-09T05:00:00,False,False,59,Japan,1,Soccer,215,J.League,,,,12919,Kashima Antlers,14268,Nagoya Grampus
6215418,Stade Rochelais v JL Bourg Basket,1,0,,,"[{'id': 335842, 'name': 'Stade Rochelais'}, {'id': 47380, 'name': 'JL Bourg Basket'}]",2024-11-09T19:30:00,False,False,66,France,8,Basketball,4422,Pro A,,,,335842,Stade Rochelais,47380,JL Bourg Basket
6221360,CF Villarreal v Deportivo Alaves Sad,1,0,,,"[{'id': 11019, 'name': 'CF Villarreal'}, {'id': 10952, 'name': 'Deportivo Alaves Sad'}]",2024-11-09T15:15:00,False,False,23,Spain,1,Soccer,29,La Liga,,,,11019,CF Villarreal,10952,Deportivo Alaves Sad
6221401,RCD Espanyol Barcelona v CF Valencia,1,1,,,"[{'id': 10951, 'name': 'RCD Espanyol Barcelona'}, {'id': 11021, 'name': 'CF Valencia'}]",2024-11-09T17:30:00,False,False,23,Spain,1,Soccer,29,La Liga,,,,10951,RCD Espanyol Barcelona,11021,CF Valencia
6221989,Kashiwa Reysol v Niigata Albirex,1,0,,,"[{'id': 14252, 'name': 'Kashiwa Reysol'}, {'id': 15866, 'name': 'Niigata Albirex'}]",2024-11-09T06:00:00,False,False,59,Japan,1,Soccer,215,J.League,,,,14252,Kashiwa Reysol,15866,Niigata Albirex
6221761,SCO Angers v Paris Saint-Germain,1,0,,,"[{'id': 18297, 'name': 'SCO Angers'}, {'id': 13597, 'name': 'Paris Saint-Germain'}]",2024-11-09T20:00:00,False,False,66,France,1,Soccer,358,Ligue 1,,,,18297,SCO Angers,13597,Paris Saint-Germain
6223048,Sandhausen vs Alemannia Aachen,1,0,,,"[{'id': 10991, 'name': 'SV Sandhausen'}, {'id': 17342, 'name': 'Alemannia Aachen'}]",2024-11-09T13:00:00,False,False,1,Germany,1,Soccer,25,3rd Liga,5766046,51446915,5331515,10991,SV Sandhausen,17342,Alemannia Aachen
6222741,Cottbus vs Dortmund II,1,0,,,"[{'id': 17334, 'name': 'Energie Cottbus'}, {'id': 23198, 'name': 'Borussia Dortmund II'}]",2024-11-09T13:00:00,False,False,1,Germany,1,Soccer,25,3rd Liga,5766041,51446911,5331514,17334,Energie Cottbus,23198,Borussia Dortmund II
6222618,Munich 1860 vs Mannheim,1,0,,,"[{'id': 11340, 'name': 'TSV 1860 Munich'}, {'id': 11337, 'name': 'SV Waldhof Mannheim 07'}]",2024-11-09T13:00:00,False,False,1,Germany,1,Soccer,25,3rd Liga,5766043,51446919,5331517,11340,TSV 1860 Munich,11337,SV Waldhof Mannheim 07
6356267,Betis Deportivo Balompie v CD Alcoyano,1,1,,,"[{'id': 19392, 'name': 'Betis Deportivo Balompie'}, {'id': 19355, 'name': 'CD Alcoyano'}]",2024-11-09T14:30:00,False,False,23,Spain,1,Soccer,11129,Primera Division Rfef,,,,19392,Betis Deportivo Balompie,19355,CD Alcoyano
6369020,CB Fuenlabrada v CB Zamora,1,1,,,"[{'id': 42802, 'name': 'CB Fuenlabrada'}, {'id': 387031, 'name': 'CB Zamora'}]",2024-11-09T17:30:00,False,False,23,Spain,8,Basketball,5321,LEB Oro,,,,42802,CB Fuenlabrada,387031,CB Zamora
6221591,Sudtirol vs Sassuolo,1,0,,,"[{'id': 11671, 'name': 'FC Sudtirol'}, {'id': 10155, 'name': 'US Sassuolo Calcio'}]",2024-11-09T14:00:00,False,False,22,Italy,1,Soccer,40,Serie B,5766071,51467843,5430663,11671,FC Sudtirol,10155,US Sassuolo Calcio
6221258,West Ham United v Everton FC,1,0,,,"[{'id': 10928, 'name': 'West Ham United'}, {'id': 10929, 'name': 'Everton FC'}]",2024-11-09T15:00:00,False,False,25,England,1,Soccer,33,Premier League,,,,10928,West Ham United,10929,Everton FC
6221365,VfL Bochum v Bayer 04 Leverkusen,1,0,,,"[{'id': 11100, 'name': 'VfL Bochum'}, {'id': 10947, 'name': 'Bayer 04 Leverkusen'}]",2024-11-09T14:30:00,False,False,1,Germany,1,Soccer,1,Bundesliga,,,,11100,VfL Bochum,10947,Bayer 04 Leverkusen
6221418,FC St. Pauli v FC Bayern Munich,1,0,,,"[{'id': 11166, 'name': 'FC St. Pauli'}, {'id': 10770, 'name': 'FC Bayern Munich'}]",2024-11-09T14:30:00,False,False,1,Germany,1,Soccer,1,Bundesliga,,,,11166,FC St. Pauli,10770,FC Bayern Munich
6221970,SC Weiche Flensburg 08 v SV Meppen 1912,1,3,,,"[{'id': 20563, 'name': 'SC Weiche Flensburg 08'}, {'id': 10856, 'name': 'SV Meppen 1912'}]",2024-11-09T12:30:00,False,False,1,Germany,1,Soccer,2191,Regionalliga North,,,,20563,SC Weiche Flensburg 08,10856,SV Meppen 1912
6221286,FC Eintracht Bamberg 2010 v TSV Buchbach,1,3,,,"[{'id': 20894, 'name': 'FC Eintracht Bamberg 2010'}, {'id': 20890, 'name': 'TSV Buchbach'}]",2024-11-09T13:00:00,False,False,1,Germany,1,Soccer,2585,Regionalliga Bavaria,,,,20894,FC Eintracht Bamberg 2010,20890,TSV Buchbach
6221003,Krefelder FC Uerdingen 05 v SC Fortuna Cologne,1,3,,,"[{'id': 11339, 'name': 'Krefelder FC Uerdingen 05'}, {'id': 19389, 'name': 'SC Fortuna Cologne'}]",2024-11-09T13:00:00,False,False,1,Germany,1,Soccer,2387,Regionalliga West,,,,11339,Krefelder FC Uerdingen 05,19389,SC Fortuna Cologne
6223759,FC Koln II v FC Gutersloh 2000,1,3,,,"[{'id': 23200, 'name': 'FC Koln II'}, {'id': 20918, 'name': 'FC Gutersloh 2000'}]",2024-11-09T13:00:00,False,False,1,Germany,1,Soccer,2387,Regionalliga West,,,,23200,FC Koln II,20918,FC Gutersloh 2000
6221430,SGV Freiberg v FC Giessen,1,3,,,"[{'id': 20860, 'name': 'SGV Freiberg'}, {'id': 25955, 'name': 'FC Giessen'}]",2024-11-09T13:00:00,False,False,1,Germany,1,Soccer,2583,Regionalliga Southwest,,,,20860,SGV Freiberg,25955,FC Giessen
6220938,SV Rodinghausen v Sve Hohkeppel,1,3,,,"[{'id': 17557, 'name': 'SV Rodinghausen'}, {'id': 325135, 'name': 'Sve Hohkeppel'}]",2024-11-09T13:00:00,False,False,1,Germany,1,Soccer,2387,Regionalliga West,,,,17557,SV Rodinghausen,325135,Sve Hohkeppel
6222923,SpVgg Greuther Furth II v TSV Aubstadt,1,3,,,"[{'id': 19915, 'name': 'SpVgg Greuther Furth II'}, {'id': 25988, 'name': 'TSV Aubstadt'}]",2024-11-09T13:00:00,False,False,1,Germany,1,Soccer,2585,Regionalliga Bavaria,,,,19915,SpVgg Greuther Furth II,25988,TSV Aubstadt
6221324,Hertha BSC II v BSG Chemie Leipzig,1,3,,,"[{'id': 25958, 'name': 'Hertha BSC II'}, {'id': 25970, 'name': 'BSG Chemie Leipzig'}]",2024-11-09T12:00:00,False,False,1,Germany,1,Soccer,2584,Regionalliga Northeast,,,,25958,Hertha BSC II,25970,BSG Chemie Leipzig
6220889,Borussia Monchengladbach II v VfL Sportfreunde Lotte 1929,1,3,,,"[{'id': 23204, 'name': 'Borussia Monchengladbach II'}, {'id': 23205, 'name': 'VfL Sportfreunde Lotte 1929'}]",2024-11-09T13:00:00,False,False,1,Germany,1,Soccer,2387,Regionalliga West,,,,23204,Borussia Monchengladbach II,23205,VfL Sportfreunde Lotte 1929
6221503,Offenbacher FC Kickers 1901 v 1. Goppinger SV,1,3,,,"[{'id': 25939, 'name': 'Offenbacher FC Kickers 1901'}, {'id': 20872, 'name': '1. Goppinger SV'}]",2024-11-09T13:00:00,False,False,1,Germany,1,Soccer,2583,Regionalliga Southwest,,,,25939,Offenbacher FC Kickers 1901,20872,1. Goppinger SV
6222934,VSG Altglienicke v VFC Plauen,1,3,,,"[{'id': 25971, 'name': 'VSG Altglienicke'}, {'id': 20936, 'name': 'VFC Plauen'}]",2024-11-09T12:00:00,False,False,1,Germany,1,Soccer,2584,Regionalliga Northeast,,,,25971,VSG Altglienicke,20936,VFC Plauen
6221327,Saarbrucken vs Wehen,1,0,,,"[{'id': 17348, 'name': '1. FC Saarbrucken'}, {'id': 11098, 'name': 'SV Wehen Wiesbaden'}]",2024-11-09T13:00:00,False,False,1,Germany,1,Soccer,25,3rd Liga,5766045,51446917,5331516,17348,1. FC Saarbrucken,11098,SV Wehen Wiesbaden
6220722,Arminia Bielefeld vs Viktoria Koln,1,0,,,"[{'id': 10870, 'name': 'DSC Arminia Bielefeld'}, {'id': 11341, 'name': 'FC Viktoria Cologne'}]",2024-11-09T15:30:00,False,False,1,Germany,1,Soccer,25,3rd Liga,5766048,51446913,5331521,10870,DSC Arminia Bielefeld,11341,FC Viktoria Cologne
6362676,CD Subiza v Real Sociedad C,1,1,,,"[{'id': 31099, 'name': 'CD Subiza'}, {'id': 30881, 'name': 'Real Sociedad C'}]",2024-11-09T15:30:00,False,False,23,Spain,1,Soccer,578,Second Division B,,,,31099,CD Subiza,30881,Real Sociedad C
6224139,Wolverhampton Wanderers v Southampton FC,1,0,,,"[{'id': 10939, 'name': 'Wolverhampton Wanderers'}, {'id': 10930, 'name': 'Southampton FC'}]",2024-11-09T15:00:00,False,False,25,England,1,Soccer,33,Premier League,,,,10939,Wolverhampton Wanderers,10930,Southampton FC
6222371,Mantova vs Cremonese,1,0,,,"[{'id': 11675, 'name': 'Mantova 1911'}, {'id': 11065, 'name': 'US Cremonese'}]",2024-11-09T16:15:00,False,False,22,Italy,1,Soccer,40,Serie B,5766072,51467833,5430689,11675,Mantova 1911,11065,US Cremonese
6221768,Pau FC v Paris FC,1,0,,,"[{'id': 18402, 'name': 'Pau FC'}, {'id': 17286, 'name': 'Paris FC'}]",2024-11-09T13:00:00,False,False,66,France,1,Soccer,297,Ligue 2,,,,18402,Pau FC,17286,Paris FC
6223363,Liverpool FC v Aston Villa,1,0,,,"[{'id': 10936, 'name': 'Liverpool FC'}, {'id': 10937, 'name': 'Aston Villa'}]",2024-11-09T20:00:00,False,False,25,England,1,Soccer,33,Premier League,,,,10936,Liverpool FC,10937,Aston Villa
6356316,Real Murcia v Atletico Madrid B,1,1,,,"[{'id': 22169, 'name': 'Real Murcia'}, {'id': 19235, 'name': 'Atletico Madrid B'}]",2024-11-09T16:30:00,False,False,23,Spain,1,Soccer,11129,Primera Division Rfef,,,,22169,Real Murcia,19235,Atletico Madrid B
6221668,RB Leipzig v Borussia Monchengladbach,1,0,,,"[{'id': 10767, 'name': 'RB Leipzig'}, {'id': 10771, 'name': 'Borussia Monchengladbach'}]",2024-11-09T17:30:00,False,False,1,Germany,1,Soccer,1,Bundesliga,,,,10767,RB Leipzig,10771,Borussia Monchengladbach
6356281,RC Recreativo de Huelva v CF Algeciras,1,1,,,"[{'id': 22218, 'name': 'RC Recreativo de Huelva'}, {'id': 23445, 'name': 'CF Algeciras'}]",2024-11-09T18:30:00,False,False,23,Spain,1,Soccer,11129,Primera Division Rfef,,,,22218,RC Recreativo de Huelva,23445,CF Algeciras
6221519,Caldiero Terme vs L.R. Vicenza,1,0,,,"[{'id': 27011, 'name': 'Calcio Caldiero Terme'}, {'id': 11656, 'name': 'LR Vicenza Virtus'}]",2024-11-09T14:00:00,False,False,22,Italy,1,Soccer,5691,Serie C,5766083,51546895,5430552,27011,Calcio Caldiero Terme,11656,LR Vicenza Virtus
6354146,Real Union de Irun v SD Ponferradina,1,1,,,"[{'id': 23411, 'name': 'Real Union de Irun'}, {'id': 10877, 'name': 'SD Ponferradina'}]",2024-11-09T16:30:00,False,False,23,Spain,1,Soccer,11129,Primera Division Rfef,,,,23411,Real Union de Irun,10877,SD Ponferradina
6221488,Brighton & Hove Albion v Manchester City,1,0,,,"[{'id': 10945, 'name': 'Brighton & Hove Albion'}, {'id': 10883, 'name': 'Manchester City'}]",2024-11-09T17:30:00,False,False,25,England,1,Soccer,33,Premier League,,,,10945,Brighton & Hove Albion,10883,Manchester City
6221982,Crawley vs Huddersfield,1,0,,,"[{'id': 12720, 'name': 'Crawley Town'}, {'id': 10888, 'name': 'Huddersfield Town'}]",2024-11-09T15:00:00,False,False,25,England,1,Soccer,52,League One,5765984,51093401,5415459,12720,Crawley Town,10888,Huddersfield Town
6223331,Stockport County vs Bolton,1,0,,,"[{'id': 14607, 'name': 'Stockport County FC'}, {'id': 11486, 'name': 'Bolton Wanderers'}]",2024-11-09T15:00:00,False,False,25,England,1,Soccer,52,League One,5765993,51093411,5415453,14607,Stockport County FC,11486,Bolton Wanderers
6220334,Wigan vs Wycombe,1,0,,,"[{'id': 10901, 'name': 'Wigan Athletic'}, {'id': 11201, 'name': 'Wycombe Wanderers'}]",2024-11-09T15:00:00,False,False,25,England,1,Soccer,52,League One,5765994,51093413,5415456,10901,Wigan Athletic,11201,Wycombe Wanderers
6221299,Burton vs Shrewsbury,1,0,,,"[{'id': 11485, 'name': 'Burton Albion'}, {'id': 11466, 'name': 'Shrewsbury Town'}]",2024-11-09T12:30:00,False,False,25,England,1,Soccer,52,League One,5765978,51093399,5415461,11485,Burton Albion,11466,Shrewsbury Town
6368808,Manchester Storm v Belfast Giants,1,1,,,"[{'id': 80723, 'name': 'Manchester Storm'}, {'id': 168962, 'name': 'Belfast Giants'}]",2024-11-09T19:00:00,False,False,25,England,6,Ice Hockey,7666,Elite League,,,,80723,Manchester Storm,168962,Belfast Giants
6368796,Fife Flyers v Glasgow Clan,1,1,,,"[{'id': 158707, 'name': 'Fife Flyers'}, {'id': 178545, 'name': 'Glasgow Clan'}]",2024-11-09T19:15:00,False,False,25,England,6,Ice Hockey,7666,Elite League,,,,158707,Fife Flyers,178545,Glasgow Clan
6221433,SC Freiburg II v TSV Steinbach 1921,1,3,,,"[{'id': 20579, 'name': 'SC Freiburg II'}, {'id': 10257, 'name': 'TSV Steinbach 1921'}]",2024-11-09T13:00:00,False,False,1,Germany,1,Soccer,2583,Regionalliga Southwest,,,,20579,SC Freiburg II,10257,TSV Steinbach 1921
6224722,FC Carl Zeiss Jena v SV Babelsberg,1,3,,,"[{'id': 11324, 'name': 'FC Carl Zeiss Jena'}, {'id': 18377, 'name': 'SV Babelsberg'}]",2024-11-09T15:00:00,False,False,1,Germany,1,Soccer,2584,Regionalliga Northeast,,,,11324,FC Carl Zeiss Jena,18377,SV Babelsberg
6223200,1. FC Schweinfurt 05 v Hankofen-Hailing,1,3,,,"[{'id': 20884, 'name': '1. FC Schweinfurt 05'}, {'id': 26018, 'name': 'Hankofen-Hailing'}]",2024-11-09T13:00:00,False,False,1,Germany,1,Soccer,2585,Regionalliga Bavaria,,,,20884,1. FC Schweinfurt 05,26018,Hankofen-Hailing
6220922,Kickers Emden v FC Phonix Lubeck,1,3,,,"[{'id': 25042, 'name': 'Kickers Emden'}, {'id': 23353, 'name': 'FC Phonix Lubeck'}]",2024-11-09T15:00:00,False,False,1,Germany,1,Soccer,2191,Regionalliga North,,,,25042,Kickers Emden,23353,FC Phonix Lubeck
6223941,VfB Oldenburg v Eintracht Norderstedt,1,3,,,"[{'id': 20565, 'name': 'VfB Oldenburg'}, {'id': 20566, 'name': 'Eintracht Norderstedt'}]",2024-11-09T17:00:00,False,False,1,Germany,1,Soccer,2191,Regionalliga North,,,,20565,VfB Oldenburg,20566,Eintracht Norderstedt
6221535,SG Barockstadt Fulda-Lehnerz v Eintracht Frankfurt II,1,3,,,"[{'id': 21057, 'name': 'SG Barockstadt Fulda-Lehnerz'}, {'id': 20576, 'name': 'Eintracht Frankfurt II'}]",2024-11-09T13:00:00,False,False,1,Germany,1,Soccer,2583,Regionalliga Southwest,,,,21057,SG Barockstadt Fulda-Lehnerz,20576,Eintracht Frankfurt II
6225609,TSV Schwaben Augsburg v FC Wurzburger Kickers,1,3,,,"[{'id': 26031, 'name': 'TSV Schwaben Augsburg'}, {'id': 11334, 'name': 'FC Wurzburger Kickers'}]",2024-11-09T13:00:00,False,False,1,Germany,1,Soccer,2585,Regionalliga Bavaria,,,,26031,TSV Schwaben Augsburg,11334,FC Wurzburger Kickers
6222273,SpVgg Ansbach v FC Bayern Munich II,1,3,,,"[{'id': 25999, 'name': 'SpVgg Ansbach'}, {'id': 11327, 'name': 'FC Bayern Munich II'}]",2024-11-09T13:00:00,False,False,1,Germany,1,Soccer,2585,Regionalliga Bavaria,,,,25999,SpVgg Ansbach,11327,FC Bayern Munich II
6224081,Bahlinger SC v FC 08 Homburg-Saar,1,3,,,"[{'id': 25951, 'name': 'Bahlinger SC'}, {'id': 21079, 'name': 'FC 08 Homburg-Saar'}]",2024-11-09T13:00:00,False,False,1,Germany,1,Soccer,2583,Regionalliga Southwest,,,,25951,Bahlinger SC,21079,FC 08 Homburg-Saar
6222901,SV Wacker Burghausen v SV Viktoria Aschaffenburg,1,3,,,"[{'id': 25974, 'name': 'SV Wacker Burghausen'}, {'id': 19928, 'name': 'SV Viktoria Aschaffenburg'}]",2024-11-09T13:00:00,False,False,1,Germany,1,Soccer,2585,Regionalliga Bavaria,,,,25974,SV Wacker Burghausen,19928,SV Viktoria Aschaffenburg
6221028,Stuttgarter Kickers v 1. FSV Mainz 05 II,1,3,,,"[{'id': 20575, 'name': 'Stuttgarter Kickers'}, {'id': 25942, 'name': '1. FSV Mainz 05 II'}]",2024-11-09T13:00:00,False,False,1,Germany,1,Soccer,2583,Regionalliga Southwest,,,,20575,Stuttgarter Kickers,25942,1. FSV Mainz 05 II
6223852,FC Eilenburg v Greifswalder FC,1,3,,,"[{'id': 20938, 'name': 'FC Eilenburg'}, {'id': 20908, 'name': 'Greifswalder FC'}]",2024-11-09T12:00:00,False,False,1,Germany,1,Soccer,2584,Regionalliga Northeast,,,,20938,FC Eilenburg,20908,Greifswalder FC
6222904,Turkgucu Munchen v DJK Vilzing,1,3,,,"[{'id': 25991, 'name': 'Turkgucu Munchen'}, {'id': 26003, 'name': 'DJK Vilzing'}]",2024-11-09T13:00:00,False,False,1,Germany,1,Soccer,2585,Regionalliga Bavaria,,,,25991,Turkgucu Munchen,26003,DJK Vilzing
6221507,FC Metz v SM Caen,1,0,,,"[{'id': 10304, 'name': 'FC Metz'}, {'id': 10328, 'name': 'SM Caen'}]",2024-11-09T19:00:00,False,False,66,France,1,Soccer,297,Ligue 2,,,,10304,FC Metz,10328,SM Caen
6369019,Ada Blois Basket 41 v Elan Bearnais Pau-Lacq-Orthez,1,1,,,"[{'id': 42808, 'name': 'Ada Blois Basket 41'}, {'id': 42320, 'name': 'Elan Bearnais Pau-Lacq-Orthez'}]",2024-11-09T19:00:00,False,False,66,France,8,Basketball,4761,Pro B,,,,42808,Ada Blois Basket 41,42320,Elan Bearnais Pau-Lacq-Orthez
6369016,Cbc Valladolid v Oviedo BC,1,1,,,"[{'id': 52541, 'name': 'Cbc Valladolid'}, {'id': 57416, 'name': 'Oviedo BC'}]",2024-11-09T18:00:00,False,False,23,Spain,8,Basketball,5321,LEB Oro,,,,52541,Cbc Valladolid,57416,Oviedo BC
6221262,Salford vs Carlisle,1,0,,,"[{'id': 12861, 'name': 'Salford City FC'}, {'id': 12356, 'name': 'Carlisle United'}]",2024-11-09T12:30:00,False,False,25,England,1,Soccer,173,League Two,5765997,51099033,5399353,12861,Salford City FC,12356,Carlisle United
6221426,AFC Wimbledon vs Grimsby,1,0,,,"[{'id': 11484, 'name': 'AFC Wimbledon'}, {'id': 12006, 'name': 'Grimsby Town'}]",2024-11-09T15:00:00,False,False,25,England,1,Soccer,173,League Two,5765999,51099015,5399367,11484,AFC Wimbledon,12006,Grimsby Town
6218424,Eintracht Trier v Hessen Kassel,1,3,,,"[{'id': 26149, 'name': 'Eintracht Trier'}, {'id': 20578, 'name': 'Hessen Kassel'}]",2024-11-10T13:00:00,False,False,1,Germany,1,Soccer,2583,Regionalliga Southwest,,,,26149,Eintracht Trier,20578,Hessen Kassel
6218570,Atalanta Bergamasca Calcio v Udinese Calcio,1,0,,,"[{'id': 10864, 'name': 'Atalanta Bergamasca Calcio'}, {'id': 10918, 'name': 'Udinese Calcio'}]",2024-11-10T11:30:00,False,False,22,Italy,1,Soccer,28,Serie A,,,,10864,Atalanta Bergamasca Calcio,10918,Udinese Calcio
6361804,CD Laredo v RS Gimnastica de Torrelavega,1,1,,,"[{'id': 19362, 'name': 'CD Laredo'}, {'id': 19453, 'name': 'RS Gimnastica de Torrelavega'}]",2024-11-10T17:00:00,False,False,23,Spain,1,Soccer,578,Second Division B,,,,19362,CD Laredo,19453,RS Gimnastica de Torrelavega
6354138,CA Osasuna B v Unionistas de Salamanca CF,1,1,,,"[{'id': 23415, 'name': 'CA Osasuna B'}, {'id': 22224, 'name': 'Unionistas de Salamanca CF'}]",2024-11-10T16:30:00,False,False,23,Spain,1,Soccer,11129,Primera Division Rfef,,,,23415,CA Osasuna B,22224,Unionistas de Salamanca CF
6214470,S.Oliver Wurzburg v Basketball Lowen Braunschweig,1,0,,,"[{'id': 50399, 'name': 'S.Oliver Wurzburg'}, {'id': 50401, 'name': 'Basketball Lowen Braunschweig'}]",2024-11-10T14:00:00,False,False,1,Germany,8,Basketball,4665,BBL,,,,50399,S.Oliver Wurzburg,50401,Basketball Lowen Braunschweig
6218051,Virtus Entella v AS Gubbio 1910,1,0,,,"[{'id': 11215, 'name': 'Virtus Entella'}, {'id': 25101, 'name': 'AS Gubbio 1910'}]",2024-11-10T14:00:00,False,False,22,Italy,1,Soccer,5691,Serie C,,,,11215,Virtus Entella,25101,AS Gubbio 1910
6218648,FC Crotone v Calcio Catania,1,0,,,"[{'id': 11077, 'name': 'FC Crotone'}, {'id': 11658, 'name': 'Calcio Catania'}]",2024-11-10T18:30:00,False,False,22,Italy,1,Soccer,5691,Serie C,,,,11077,FC Crotone,11658,Calcio Catania
6354130,CD Arenteiro v SD Amorebieta,1,1,,,"[{'id': 30820, 'name': 'CD Arenteiro'}, {'id': 22205, 'name': 'SD Amorebieta'}]",2024-11-10T11:00:00,False,False,23,Spain,1,Soccer,11129,Primera Division Rfef,,,,30820,CD Arenteiro,22205,SD Amorebieta
6354144,FC Andorra v Barakaldo CF,1,1,,,"[{'id': 22242, 'name': 'FC Andorra'}, {'id': 22165, 'name': 'Barakaldo CF'}]",2024-11-10T11:00:00,False,False,23,Spain,1,Soccer,11129,Primera Division Rfef,,,,22242,FC Andorra,22165,Barakaldo CF
6222625,Aue vs RW Essen,1,0,,,"[{'id': 11167, 'name': 'Erzgebirge Aue'}, {'id': 20066, 'name': 'Rot-Weiss Essen'}]",2024-11-10T15:30:00,False,False,1,Germany,1,Soccer,25,3rd Liga,3842758,51446903,5335042,11167,Erzgebirge Aue,20066,Rot-Weiss Essen
6354147,Zamora CF v Real Sociedad B,1,1,,,"[{'id': 19351, 'name': 'Zamora CF'}, {'id': 23414, 'name': 'Real Sociedad B'}]",2024-11-10T16:30:00,False,False,23,Spain,1,Soccer,11129,Primera Division Rfef,,,,19351,Zamora CF,23414,Real Sociedad B
6354137,Cultural Leonesa v Sestao River Club,1,1,,,"[{'id': 19253, 'name': 'Cultural Leonesa'}, {'id': 20060, 'name': 'Sestao River Club'}]",2024-11-10T18:30:00,False,False,23,Spain,1,Soccer,11129,Primera Division Rfef,,,,19253,Cultural Leonesa,20060,Sestao River Club
6217805,Carpi FC 1909 v SSD Citta Di Campobasso,1,0,,,"[{'id': 10223, 'name': 'Carpi FC 1909'}, {'id': 27054, 'name': 'SSD Citta Di Campobasso'}]",2024-11-10T14:00:00,False,False,22,Italy,1,Soccer,5691,Serie C,,,,10223,Carpi FC 1909,27054,SSD Citta Di Campobasso
6217950,AC Milan U23 v SS Arezzo,1,0,,,"[{'id': 824419, 'name': 'AC Milan U23'}, {'id': 11662, 'name': 'SS Arezzo'}]",2024-11-10T14:00:00,False,False,22,Italy,1,Soccer,5691,Serie C,,,,824419,AC Milan U23,11662,SS Arezzo
6340960,West Ham United Lfc v Leicester City WFC W,1,1,,,"[{'id': 25759, 'name': 'West Ham United Lfc'}, {'id': 75255, 'name': 'Leicester City WFC W'}]",2024-11-10T15:00:00,False,False,25,England,1,Soccer,749,The FA Women&apos;s Super League,,,,25759,West Ham United Lfc,75255,Leicester City WFC W
6343777,Manchester United v Aston Villa Lfc,1,1,,,"[{'id': 25762, 'name': 'Manchester United'}, {'id': 31968, 'name': 'Aston Villa Lfc'}]",2024-11-10T18:45:00,False,False,25,England,1,Soccer,749,The FA Women&apos;s Super League,,,,25762,Manchester United,31968,Aston Villa Lfc
6218232,Real Betis Balompie v RC Celta de Vigo,1,0,,,"[{'id': 11027, 'name': 'Real Betis Balompie'}, {'id': 11023, 'name': 'RC Celta de Vigo'}]",2024-11-10T13:00:00,False,False,23,Spain,1,Soccer,29,La Liga,,,,11027,Real Betis Balompie,11023,RC Celta de Vigo
6362554,Real Aviles CF v Deportivo La Coruna II,1,1,,,"[{'id': 30830, 'name': 'Real Aviles CF'}, {'id': 75297, 'name': 'Deportivo La Coruna II'}]",2024-11-10T11:00:00,False,False,23,Spain,1,Soccer,578,Second Division B,,,,30830,Real Aviles CF,75297,Deportivo La Coruna II
6218718,Montpellier HSC v Stade Brestois 29,1,0,,,"[{'id': 10297, 'name': 'Montpellier HSC'}, {'id': 18282, 'name': 'Stade Brestois 29'}]",2024-11-10T16:00:00,False,False,66,France,1,Soccer,358,Ligue 1,,,,10297,Montpellier HSC,18282,Stade Brestois 29
6218581,AC Le Havre v Stade Reims,1,0,,,"[{'id': 10316, 'name': 'AC Le Havre'}, {'id': 18286, 'name': 'Stade Reims'}]",2024-11-10T16:00:00,False,False,66,France,1,Soccer,358,Ligue 1,,,,10316,AC Le Havre,18286,Stade Reims
6214517,BV Chemnitz 99 v EWE Baskets Oldenburg,1,0,,,"[{'id': 50398, 'name': 'BV Chemnitz 99'}, {'id': 50402, 'name': 'EWE Baskets Oldenburg'}]",2024-11-10T15:30:00,False,False,1,Germany,8,Basketball,4665,BBL,,,,50398,BV Chemnitz 99,50402,EWE Baskets Oldenburg
6218273,Acr Messina v FC Giugliano 1928,1,0,,,"[{'id': 23509, 'name': 'Acr Messina'}, {'id': 27118, 'name': 'FC Giugliano 1928'}]",2024-11-10T16:30:00,False,False,22,Italy,1,Soccer,5691,Serie C,,,,23509,Acr Messina,27118,FC Giugliano 1928
6218197,Tenerife CD v UD Levante,1,0,,,"[{'id': 10964, 'name': 'Tenerife CD'}, {'id': 11029, 'name': 'UD Levante'}]",2024-11-10T17:30:00,False,False,23,Spain,1,Soccer,30,La Liga 2,,,,10964,Tenerife CD,11029,UD Levante
6222466,Hannover II vs Ingolstadt,1,0,,,"[{'id': 20560, 'name': 'Hannover 96 II'}, {'id': 11328, 'name': 'FC Ingolstadt 04'}]",2024-11-10T12:30:00,False,False,1,Germany,1,Soccer,25,3rd Liga,3842570,51446907,5334959,20560,Hannover 96 II,11328,FC Ingolstadt 04
6218180,Clodiense S.S.D. v AC Renate,1,0,,,"[{'id': 26994, 'name': 'Clodiense S.S.D.'}, {'id': 17757, 'name': 'AC Renate'}]",2024-11-10T16:30:00,False,False,22,Italy,1,Soccer,5691,Serie C,,,,26994,Clodiense S.S.D.,17757,AC Renate
6218066,AC Lumezzane v US Albinoleffe,1,0,,,"[{'id': 332360, 'name': 'AC Lumezzane'}, {'id': 15248, 'name': 'US Albinoleffe'}]",2024-11-10T16:30:00,False,False,22,Italy,1,Soccer,5691,Serie C,,,,332360,AC Lumezzane,15248,US Albinoleffe
6372771,Moron v Menorca Basquet,1,1,,,"[{'id': 387021, 'name': 'Moron'}, {'id': 521807, 'name': 'Menorca Basquet'}]",2024-11-10T11:00:00,False,False,23,Spain,8,Basketball,5321,LEB Oro,,,,387021,Moron,521807,Menorca Basquet
6218334,Inter Milano v SSC Napoli,1,0,,,"[{'id': 10917, 'name': 'Inter Milano'}, {'id': 10912, 'name': 'SSC Napoli'}]",2024-11-10T19:45:00,False,False,22,Italy,1,Soccer,28,Serie A,,,,10917,Inter Milano,10912,SSC Napoli
6218190,AS Roma v Bologna FC,1,0,,,"[{'id': 10866, 'name': 'AS Roma'}, {'id': 10862, 'name': 'Bologna FC'}]",2024-11-10T14:00:00,False,False,22,Italy,1,Soccer,28,Serie A,,,,10866,AS Roma,10862,Bologna FC
6218288,Nottingham Forest v Newcastle United,1,0,,,"[{'id': 10887, 'name': 'Nottingham Forest'}, {'id': 10814, 'name': 'Newcastle United'}]",2024-11-10T14:00:00,False,False,25,England,1,Soccer,33,Premier League,,,,10887,Nottingham Forest,10814,Newcastle United
6218272,Real Sociedad v FC Barcelona,1,0,,,"[{'id': 11020, 'name': 'Real Sociedad'}, {'id': 10170, 'name': 'FC Barcelona'}]",2024-11-10T20:00:00,False,False,23,Spain,1,Soccer,29,La Liga,,,,11020,Real Sociedad,10170,FC Barcelona
6218297,Shimizu S-Pulse v Roasso Kumamoto,1,0,,,"[{'id': 14267, 'name': 'Shimizu S-Pulse'}, {'id': 16145, 'name': 'Roasso Kumamoto'}]",2024-11-10T05:00:00,False,False,59,Japan,1,Soccer,256,J.League 2,,,,14267,Shimizu S-Pulse,16145,Roasso Kumamoto
6333847,Burnley FC v Swansea City,1,0,,,"[{'id': 10944, 'name': 'Burnley FC'}, {'id': 10905, 'name': 'Swansea City'}]",2024-11-10T15:00:00,False,False,25,England,1,Soccer,32,Championship,,,,10944,Burnley FC,10905,Swansea City
6218245,US Pianese v Ssd Vis Pesaro 1898,1,0,,,"[{'id': 16112, 'name': 'US Pianese'}, {'id': 25096, 'name': 'Ssd Vis Pesaro 1898'}]",2024-11-10T16:30:00,False,False,22,Italy,1,Soccer,5691,Serie C,,,,16112,US Pianese,25096,Ssd Vis Pesaro 1898
6218304,Perugia v Ternana Calcio,1,0,,,"[{'id': 11037, 'name': 'Perugia'}, {'id': 15402, 'name': 'Ternana Calcio'}]",2024-11-10T14:00:00,False,False,22,Italy,1,Soccer,5691,Serie C,,,,11037,Perugia,15402,Ternana Calcio
6218286,FC Augsburg v TSG 1899 Hoffenheim,1,0,,,"[{'id': 10950, 'name': 'FC Augsburg'}, {'id': 10766, 'name': 'TSG 1899 Hoffenheim'}]",2024-11-10T14:30:00,False,False,1,Germany,1,Soccer,1,Bundesliga,,,,10950,FC Augsburg,10766,TSG 1899 Hoffenheim
6218564,Rimini FC 1912 v Sef Torres Calcio,1,0,,,"[{'id': 23477, 'name': 'Rimini FC 1912'}, {'id': 23478, 'name': 'Sef Torres Calcio'}]",2024-11-10T11:30:00,False,False,22,Italy,1,Soccer,5691,Serie C,,,,23477,Rimini FC 1912,23478,Sef Torres Calcio
6217832,Juve Stabia v Spezia Calcio,1,0,,,"[{'id': 11213, 'name': 'Juve Stabia'}, {'id': 11220, 'name': 'Spezia Calcio'}]",2024-11-10T14:00:00,False,False,22,Italy,1,Soccer,40,Serie B,,,,11213,Juve Stabia,11220,Spezia Calcio
6218546,Sportiva Salernitana v SSC Bari,1,0,,,"[{'id': 11063, 'name': 'Sportiva Salernitana'}, {'id': 17668, 'name': 'SSC Bari'}]",2024-11-10T16:15:00,False,False,22,Italy,1,Soccer,40,Serie B,,,,11063,Sportiva Salernitana,17668,SSC Bari
6218164,Cordoba CF v CD Castellon,1,0,,,"[{'id': 22153, 'name': 'Cordoba CF'}, {'id': 19225, 'name': 'CD Castellon'}]",2024-11-10T13:00:00,False,False,23,Spain,1,Soccer,30,La Liga 2,,,,22153,Cordoba CF,19225,CD Castellon
6218346,Burgos CF v Sporting Gijon,1,0,,,"[{'id': 23416, 'name': 'Burgos CF'}, {'id': 10967, 'name': 'Sporting Gijon'}]",2024-11-10T15:15:00,False,False,23,Spain,1,Soccer,30,La Liga 2,,,,23416,Burgos CF,10967,Sporting Gijon
6217853,Blaublitz Akita v Fujieda MYFC,1,0,,,"[{'id': 16142, 'name': 'Blaublitz Akita'}, {'id': 16146, 'name': 'Fujieda MYFC'}]",2024-11-10T05:00:00,False,False,59,Japan,1,Soccer,256,J.League 2,,,,16142,Blaublitz Akita,16146,Fujieda MYFC
6218751,ACF Fiorentina v Hellas Verona,1,0,,,"[{'id': 10914, 'name': 'ACF Fiorentina'}, {'id': 10922, 'name': 'Hellas Verona'}]",2024-11-10T14:00:00,False,False,22,Italy,1,Soccer,28,Serie A,,,,10914,ACF Fiorentina,10922,Hellas Verona
6218717,Albacete Balompie v Real Oviedo,1,0,,,"[{'id': 10965, 'name': 'Albacete Balompie'}, {'id': 10876, 'name': 'Real Oviedo'}]",2024-11-10T17:30:00,False,False,23,Spain,1,Soccer,30,La Liga 2,,,,10965,Albacete Balompie,10876,Real Oviedo
6218195,Real Valladolid v Athletic Bilbao,1,0,,,"[{'id': 11025, 'name': 'Real Valladolid'}, {'id': 10983, 'name': 'Athletic Bilbao'}]",2024-11-10T17:30:00,False,False,23,Spain,1,Soccer,29,La Liga,,,,11025,Real Valladolid,10983,Athletic Bilbao
6218025,Tochigi SC v Tokushima Vortis,1,0,,,"[{'id': 15881, 'name': 'Tochigi SC'}, {'id': 15868, 'name': 'Tokushima Vortis'}]",2024-11-10T05:00:00,False,False,59,Japan,1,Soccer,256,J.League 2,,,,15881,Tochigi SC,15868,Tokushima Vortis
6222195,CF Getafe v Girona FC,1,0,,,"[{'id': 10869, 'name': 'CF Getafe'}, {'id': 10975, 'name': 'Girona FC'}]",2024-11-10T17:30:00,False,False,23,Spain,1,Soccer,29,La Liga,,,,10869,CF Getafe,10975,Girona FC
6217902,Tokyo Verdy v Vissel Kobe,1,0,,,"[{'id': 15862, 'name': 'Tokyo Verdy'}, {'id': 12913, 'name': 'Vissel Kobe'}]",2024-11-10T05:00:00,False,False,59,Japan,1,Soccer,215,J.League,,,,15862,Tokyo Verdy,12913,Vissel Kobe
6218027,V-Varen Nagasaki v Ehime FC,1,0,,,"[{'id': 15886, 'name': 'V-Varen Nagasaki'}, {'id': 15867, 'name': 'Ehime FC'}]",2024-11-10T05:00:00,False,False,59,Japan,1,Soccer,256,J.League 2,,,,15886,V-Varen Nagasaki,15867,Ehime FC
6218108,Chelsea FC v Arsenal FC,1,0,,,"[{'id': 10148, 'name': 'Chelsea FC'}, {'id': 10718, 'name': 'Arsenal FC'}]",2024-11-10T16:30:00,False,False,25,England,1,Soccer,33,Premier League,,,,10148,Chelsea FC,10718,Arsenal FC
6217732,FC Schalke 04 v SSV Jahn Regensburg,1,0,,,"[{'id': 10948, 'name': 'FC Schalke 04'}, {'id': 11196, 'name': 'SSV Jahn Regensburg'}]",2024-11-10T12:30:00,False,False,1,Germany,1,Soccer,2,2nd Bundesliga,,,,10948,FC Schalke 04,11196,SSV Jahn Regensburg
6218012,FSV Luckenwalde v FC Rot-Weiss Erfurt,1,3,,,"[{'id': 20940, 'name': 'FSV Luckenwalde'}, {'id': 25956, 'name': 'FC Rot-Weiss Erfurt'}]",2024-11-10T12:00:00,False,False,1,Germany,1,Soccer,2584,Regionalliga Northeast,,,,20940,FSV Luckenwalde,25956,FC Rot-Weiss Erfurt
6218721,VfB Stuttgart v Eintracht Frankfurt,1,0,,,"[{'id': 11115, 'name': 'VfB Stuttgart'}, {'id': 10785, 'name': 'Eintracht Frankfurt'}]",2024-11-10T16:30:00,False,False,1,Germany,1,Soccer,1,Bundesliga,,,,11115,VfB Stuttgart,10785,Eintracht Frankfurt
6218093,Montedio Yamagata v JEF United Ichihara Chiba,1,0,,,"[{'id': 15880, 'name': 'Montedio Yamagata'}, {'id': 15860, 'name': 'JEF United Ichihara Chiba'}]",2024-11-10T05:00:00,False,False,59,Japan,1,Soccer,256,J.League 2,,,,15880,Montedio Yamagata,15860,JEF United Ichihara Chiba
6217988,Ventforet Kofu v Mito Hollyhock,1,0,,,"[{'id': 15857, 'name': 'Ventforet Kofu'}, {'id': 15883, 'name': 'Mito Hollyhock'}]",2024-11-10T05:00:00,False,False,59,Japan,1,Soccer,256,J.League 2,,,,15857,Ventforet Kofu,15883,Mito Hollyhock
6356305,Antequera CF v UD Ibiza,1,1,,,"[{'id': 30970, 'name': 'Antequera CF'}, {'id': 19249, 'name': 'UD Ibiza'}]",2024-11-10T11:00:00,False,False,23,Spain,1,Soccer,11129,Primera Division Rfef,,,,30970,Antequera CF,19249,UD Ibiza
6356329,Sevilla Atletico v Yeclano Deportivo,1,1,,,"[{'id': 23444, 'name': 'Sevilla Atletico'}, {'id': 19254, 'name': 'Yeclano Deportivo'}]",2024-11-10T11:00:00,False,False,23,Spain,1,Soccer,11129,Primera Division Rfef,,,,23444,Sevilla Atletico,19254,Yeclano Deportivo
6356342,Marbella FC v Atletico Sanluqueno,1,1,,,"[{'id': 19245, 'name': 'Marbella FC'}, {'id': 23451, 'name': 'Atletico Sanluqueno'}]",2024-11-10T11:00:00,False,False,23,Spain,1,Soccer,11129,Primera Division Rfef,,,,19245,Marbella FC,23451,Atletico Sanluqueno
6356315,Merida UD v AD Ceuta,1,1,,,"[{'id': 22190, 'name': 'Merida UD'}, {'id': 22162, 'name': 'AD Ceuta'}]",2024-11-10T14:30:00,False,False,23,Spain,1,Soccer,11129,Primera Division Rfef,,,,22190,Merida UD,22162,AD Ceuta
6361803,Salamanca CF Uds v Real Avila CF,1,1,,,"[{'id': 23425, 'name': 'Salamanca CF Uds'}, {'id': 30950, 'name': 'Real Avila CF'}]",2024-11-10T16:00:00,False,False,23,Spain,1,Soccer,578,Second Division B,,,,23425,Salamanca CF Uds,30950,Real Avila CF
6361805,Numancia CD v UM Escobedo,1,1,,,"[{'id': 10969, 'name': 'Numancia CD'}, {'id': 22211, 'name': 'UM Escobedo'}]",2024-11-10T16:00:00,False,False,23,Spain,1,Soccer,578,Second Division B,,,,10969,Numancia CD,22211,UM Escobedo
6356306,CF Villarreal B v Alcorcon AD,1,1,,,"[{'id': 23434, 'name': 'CF Villarreal B'}, {'id': 10977, 'name': 'Alcorcon AD'}]",2024-11-10T18:30:00,False,False,23,Spain,1,Soccer,11129,Primera Division Rfef,,,,23434,CF Villarreal B,10977,Alcorcon AD
6361881,Rayo Cantabria v CD Marino,1,1,,,"[{'id': 19454, 'name': 'Rayo Cantabria'}, {'id': 18722, 'name': 'CD Marino'}]",2024-11-10T11:30:00,False,False,23,Spain,1,Soccer,578,Second Division B,,,,19454,Rayo Cantabria,18722,CD Marino
6218259,Kagoshima United v Fagiano Okayama,1,0,,,"[{'id': 16157, 'name': 'Kagoshima United'}, {'id': 15855, 'name': 'Fagiano Okayama'}]",2024-11-10T05:00:00,False,False,59,Japan,1,Soccer,256,J.League 2,,,,16157,Kagoshima United,15855,Fagiano Okayama
6218520,RCD Mallorca v Atletico Madrid,1,0,,,"[{'id': 11024, 'name': 'RCD Mallorca'}, {'id': 10984, 'name': 'Atletico Madrid'}]",2024-11-10T15:15:00,False,False,23,Spain,1,Soccer,29,La Liga,,,,11024,RCD Mallorca,10984,Atletico Madrid
6218361,Tottenham Hotspur v Ipswich Town,1,0,,,"[{'id': 10938, 'name': 'Tottenham Hotspur'}, {'id': 11488, 'name': 'Ipswich Town'}]",2024-11-10T14:00:00,False,False,25,England,1,Soccer,33,Premier League,,,,10938,Tottenham Hotspur,11488,Ipswich Town
6362517,CD Anguiano v Real Zaragoza Da,1,1,,,"[{'id': 31109, 'name': 'CD Anguiano'}, {'id': 29914, 'name': 'Real Zaragoza Da'}]",2024-11-10T11:00:00,False,False,23,Spain,1,Soccer,578,Second Division B,,,,31109,CD Anguiano,29914,Real Zaragoza Da
6217895,Iwaki FC v Thespakusatsu,1,0,,,"[{'id': 22031, 'name': 'Iwaki FC'}, {'id': 15882, 'name': 'Thespakusatsu'}]",2024-11-10T05:00:00,False,False,59,Japan,1,Soccer,256,J.League 2,,,,22031,Iwaki FC,15882,Thespakusatsu
6362515,Barbastro UD v Alfaro CD,1,1,,,"[{'id': 31134, 'name': 'Barbastro UD'}, {'id': 31117, 'name': 'Alfaro CD'}]",2024-11-10T15:00:00,False,False,23,Spain,1,Soccer,578,Second Division B,,,,31134,Barbastro UD,31117,Alfaro CD
6362502,SD Eibar B v SD Ejea,1,1,,,"[{'id': 806223, 'name': 'SD Eibar B'}, {'id': 23440, 'name': 'SD Ejea'}]",2024-11-10T15:00:00,False,False,23,Spain,1,Soccer,578,Second Division B,,,,806223,SD Eibar B,23440,SD Ejea
6362518,CD Calahorra v SD Gernika Club,1,1,,,"[{'id': 23423, 'name': 'CD Calahorra'}, {'id': 30873, 'name': 'SD Gernika Club'}]",2024-11-10T15:30:00,False,False,23,Spain,1,Soccer,578,Second Division B,,,,23423,CD Calahorra,30873,SD Gernika Club
6362488,SD Logrones v UD Logrones,1,1,,,"[{'id': 19353, 'name': 'SD Logrones'}, {'id': 19226, 'name': 'UD Logrones'}]",2024-11-10T16:00:00,False,False,23,Spain,1,Soccer,578,Second Division B,,,,19353,SD Logrones,19226,UD Logrones
6362501,Utebo FC v CD Izarra,1,1,,,"[{'id': 31127, 'name': 'Utebo FC'}, {'id': 23418, 'name': 'CD Izarra'}]",2024-11-10T16:30:00,False,False,23,Spain,1,Soccer,578,Second Division B,,,,31127,Utebo FC,23418,CD Izarra
6362507,CD Teruel v CD Tudelano,1,1,,,"[{'id': 18724, 'name': 'CD Teruel'}, {'id': 22203, 'name': 'CD Tudelano'}]",2024-11-10T16:00:00,False,False,23,Spain,1,Soccer,578,Second Division B,,,,18724,CD Teruel,22203,CD Tudelano
6218038,SV 07 Elversberg v Hannover 96,1,0,,,"[{'id': 10523, 'name': 'SV 07 Elversberg'}, {'id': 10992, 'name': 'Hannover 96'}]",2024-11-10T12:30:00,False,False,1,Germany,1,Soccer,2,2nd Bundesliga,,,,10523,SV 07 Elversberg,10992,Hannover 96
6359647,CE Andratx v CF Badalona Futur,1,1,,,"[{'id': 22246, 'name': 'CE Andratx'}, {'id': 404240, 'name': 'CF Badalona Futur'}]",2024-11-10T11:00:00,False,False,23,Spain,1,Soccer,578,Second Division B,,,,22246,CE Andratx,404240,CF Badalona Futur
6359629,CD Atletico Baleares v Torrent CF,1,1,,,"[{'id': 19252, 'name': 'CD Atletico Baleares'}, {'id': 57427, 'name': 'Torrent CF'}]",2024-11-10T11:00:00,False,False,23,Spain,1,Soccer,578,Second Division B,,,,19252,CD Atletico Baleares,57427,Torrent CF
6359645,Espanyol Barcelona B v Valencia CF Mestalla,1,1,,,"[{'id': 23428, 'name': 'Espanyol Barcelona B'}, {'id': 23431, 'name': 'Valencia CF Mestalla'}]",2024-11-10T11:00:00,False,False,23,Spain,1,Soccer,578,Second Division B,,,,23428,Espanyol Barcelona B,23431,Valencia CF Mestalla
6359634,UE Sant Andreu v RCD Mallorca B,1,1,,,"[{'id': 17884, 'name': 'UE Sant Andreu'}, {'id': 19469, 'name': 'RCD Mallorca B'}]",2024-11-10T10:15:00,False,False,23,Spain,1,Soccer,578,Second Division B,,,,17884,UE Sant Andreu,19469,RCD Mallorca B
6359635,CD Ibiza Islas Pitiusas v Terrassa FC,1,1,,,"[{'id': 19459, 'name': 'CD Ibiza Islas Pitiusas'}, {'id': 17885, 'name': 'Terrassa FC'}]",2024-11-10T11:00:00,False,False,23,Spain,1,Soccer,578,Second Division B,,,,19459,CD Ibiza Islas Pitiusas,17885,Terrassa FC
6359646,CE Sabadell v Elche B,1,1,,,"[{'id': 19234, 'name': 'CE Sabadell'}, {'id': 30908, 'name': 'Elche B'}]",2024-11-10T17:00:00,False,False,23,Spain,1,Soccer,578,Second Division B,,,,19234,CE Sabadell,30908,Elche B
6359690,Club Lleida Esportiu v SCR Pena Deportiva,1,1,,,"[{'id': 22172, 'name': 'Club Lleida Esportiu'}, {'id': 19246, 'name': 'SCR Pena Deportiva'}]",2024-11-10T11:00:00,False,False,23,Spain,1,Soccer,578,Second Division B,,,,22172,Club Lleida Esportiu,19246,SCR Pena Deportiva
6359668,UD Cornella v CE Europa,1,1,,,"[{'id': 19250, 'name': 'UD Cornella'}, {'id': 17886, 'name': 'CE Europa'}]",2024-11-10T17:00:00,False,False,23,Spain,1,Soccer,578,Second Division B,,,,19250,UD Cornella,17886,CE Europa
6359696,Olot v UD Alzira,1,1,,,"[{'id': 22209, 'name': 'Olot'}, {'id': 19079, 'name': 'UD Alzira'}]",2024-11-10T16:00:00,False,False,23,Spain,1,Soccer,578,Second Division B,,,,22209,Olot,19079,UD Alzira
6218460,AS Cittadella v Cesena FC,1,0,,,"[{'id': 11211, 'name': 'AS Cittadella'}, {'id': 25094, 'name': 'Cesena FC'}]",2024-11-10T14:00:00,False,False,22,Italy,1,Soccer,40,Serie B,,,,11211,AS Cittadella,25094,Cesena FC
6223173,Stuttgart II vs Unterhaching,1,0,,,"[{'id': 20875, 'name': 'VfB Stuttgart II'}, {'id': 11326, 'name': 'SpVgg Unterhaching'}]",2024-11-10T18:30:00,False,False,1,Germany,1,Soccer,25,3rd Liga,3843103,51446905,5335084,20875,VfB Stuttgart II,11326,SpVgg Unterhaching
6218389,Spal 2013 v Asd Pineto Calcio,1,0,,,"[{'id': 10924, 'name': 'Spal 2013'}, {'id': 27058, 'name': 'Asd Pineto Calcio'}]",2024-11-10T16:30:00,False,False,22,Italy,1,Soccer,5691,Serie C,,,,10924,Spal 2013,27058,Asd Pineto Calcio
6361816,FC Coruxo v Pontevedra CF,1,1,,,"[{'id': 22200, 'name': 'FC Coruxo'}, {'id': 22171, 'name': 'Pontevedra CF'}]",2024-11-10T18:00:00,False,False,23,Spain,1,Soccer,578,Second Division B,,,,22200,FC Coruxo,22171,Pontevedra CF
6217710,Vegalta Sendai v Oita Trinita,1,0,,,"[{'id': 14263, 'name': 'Vegalta Sendai'}, {'id': 14250, 'name': 'Oita Trinita'}]",2024-11-10T05:00:00,False,False,59,Japan,1,Soccer,256,J.League 2,,,,14263,Vegalta Sendai,14250,Oita Trinita
6359908,UD Almeria B v CD Don Benito,1,1,,,"[{'id': 30966, 'name': 'UD Almeria B'}, {'id': 23455, 'name': 'CD Don Benito'}]",2024-11-10T11:00:00,False,False,23,Spain,1,Soccer,578,Second Division B,,,,30966,UD Almeria B,23455,CD Don Benito
6359902,Granada CF v CD Estepona,1,1,,,"[{'id': 10868, 'name': 'Granada CF'}, {'id': 58805, 'name': 'CD Estepona'}]",2024-11-10T11:00:00,False,False,23,Spain,1,Soccer,578,Second Division B,,,,10868,Granada CF,58805,CD Estepona
6359903,Xerez CD v CDA Aguilas FC,1,1,,,"[{'id': 30999, 'name': 'Xerez CD'}, {'id': 31056, 'name': 'CDA Aguilas FC'}]",2024-11-10T17:00:00,False,False,23,Spain,1,Soccer,578,Second Division B,,,,30999,Xerez CD,31056,CDA Aguilas FC
6359904,CA Antoniano v Xerez Deportivo FC,1,1,,,"[{'id': 22235, 'name': 'CA Antoniano'}, {'id': 29912, 'name': 'Xerez Deportivo FC'}]",2024-11-10T11:00:00,False,False,23,Spain,1,Soccer,578,Second Division B,,,,22235,CA Antoniano,29912,Xerez Deportivo FC
6359910,CF Villanovense v CF Cadiz B,1,1,,,"[{'id': 18706, 'name': 'CF Villanovense'}, {'id': 23458, 'name': 'CF Cadiz B'}]",2024-11-10T11:00:00,False,False,23,Spain,1,Soccer,578,Second Division B,,,,18706,CF Villanovense,23458,CF Cadiz B
6359906,CD San Fernando v Deportiva Minera,1,1,,,"[{'id': 23449, 'name': 'CD San Fernando'}, {'id': 31055, 'name': 'Deportiva Minera'}]",2024-11-10T16:00:00,False,False,23,Spain,1,Soccer,578,Second Division B,,,,23449,CD San Fernando,31055,Deportiva Minera
6359905,CD Linares v Juventud Torremolinos CF,1,1,,,"[{'id': 22166, 'name': 'CD Linares'}, {'id': 53514, 'name': 'Juventud Torremolinos CF'}]",2024-11-10T11:00:00,False,False,23,Spain,1,Soccer,578,Second Division B,,,,22166,CD Linares,53514,Juventud Torremolinos CF
6359907,Real Balompedica Linense v Orihuela CF,1,1,,,"[{'id': 23448, 'name': 'Real Balompedica Linense'}, {'id': 22191, 'name': 'Orihuela CF'}]",2024-11-10T16:00:00,False,False,23,Spain,1,Soccer,578,Second Division B,,,,23448,Real Balompedica Linense,22191,Orihuela CF
6359901,FC La Union Atletico v UCAM Murcia,1,1,,,"[{'id': 57463, 'name': 'FC La Union Atletico'}, {'id': 22207, 'name': 'UCAM Murcia'}]",2024-11-10T10:30:00,False,False,23,Spain,1,Soccer,578,Second Division B,,,,57463,FC La Union Atletico,22207,UCAM Murcia
6359942,CD Tenerife B v AD Union Adarve,1,1,,,"[{'id': 31029, 'name': 'CD Tenerife B'}, {'id': 19472, 'name': 'AD Union Adarve'}]",2024-11-10T11:00:00,False,False,23,Spain,1,Soccer,578,Second Division B,,,,31029,CD Tenerife B,19472,AD Union Adarve
6359944,Ub Conquense v CD Guadalajara,1,1,,,"[{'id': 31152, 'name': 'Ub Conquense'}, {'id': 20074, 'name': 'CD Guadalajara'}]",2024-11-10T16:00:00,False,False,23,Spain,1,Soccer,578,Second Division B,,,,31152,Ub Conquense,20074,CD Guadalajara
6359937,CD Union Sur Yaiza v CP Cacereno SAD,1,1,,,"[{'id': 154546, 'name': 'CD Union Sur Yaiza'}, {'id': 18677, 'name': 'CP Cacereno SAD'}]",2024-11-10T12:00:00,False,False,23,Spain,1,Soccer,578,Second Division B,,,,154546,CD Union Sur Yaiza,18677,CP Cacereno SAD
6359935,CDA Navalcarnero v Colonia Moscardo,1,1,,,"[{'id': 19368, 'name': 'CDA Navalcarnero'}, {'id': 147554, 'name': 'Colonia Moscardo'}]",2024-11-10T15:30:00,False,False,23,Spain,1,Soccer,578,Second Division B,,,,19368,CDA Navalcarnero,147554,Colonia Moscardo
6359936,CD Illescas v Melilla UD,1,1,,,"[{'id': 31153, 'name': 'CD Illescas'}, {'id': 22189, 'name': 'Melilla UD'}]",2024-11-10T11:00:00,False,False,23,Spain,1,Soccer,578,Second Division B,,,,31153,CD Illescas,22189,Melilla UD
6359938,CF Rayo Majadahonda v CF Talavera de La Reina,1,1,,,"[{'id': 22219, 'name': 'CF Rayo Majadahonda'}, {'id': 23443, 'name': 'CF Talavera de La Reina'}]",2024-11-10T11:00:00,False,False,23,Spain,1,Soccer,578,Second Division B,,,,22219,CF Rayo Majadahonda,23443,CF Talavera de La Reina
6359939,CF Getafe B v CD Mostoles,1,1,,,"[{'id': 23404, 'name': 'CF Getafe B'}, {'id': 30929, 'name': 'CD Mostoles'}]",2024-11-10T10:30:00,False,False,23,Spain,1,Soccer,578,Second Division B,,,,23404,CF Getafe B,30929,CD Mostoles
6359941,CD Coria v CD Atletico Paso,1,1,,,"[{'id': 18666, 'name': 'CD Coria'}, {'id': 31045, 'name': 'CD Atletico Paso'}]",2024-11-10T16:00:00,False,False,23,Spain,1,Soccer,578,Second Division B,,,,18666,CD Coria,31045,CD Atletico Paso
6218269,AC Reggiana v US Catanzaro 1929,1,0,,,"[{'id': 37174, 'name': 'AC Reggiana'}, {'id': 11681, 'name': 'US Catanzaro 1929'}]",2024-11-10T14:00:00,False,False,22,Italy,1,Soccer,40,Serie B,,,,37174,AC Reggiana,11681,US Catanzaro 1929
6359943,Real Madrid C v San Sebastian Reyes,1,1,,,"[{'id': 492307, 'name': 'Real Madrid C'}, {'id': 22167, 'name': 'San Sebastian Reyes'}]",2024-11-10T17:00:00,False,False,23,Spain,1,Soccer,578,Second Division B,,,,492307,Real Madrid C,22167,San Sebastian Reyes
6217973,FC St. Pauli II v SSV Jeddeloh II,1,3,,,"[{'id': 20561, 'name': 'FC St. Pauli II'}, {'id': 20568, 'name': 'SSV Jeddeloh II'}]",2024-11-10T13:00:00,False,False,1,Germany,1,Soccer,2191,Regionalliga North,,,,20561,FC St. Pauli II,20568,SSV Jeddeloh II
6218618,FC Viktoria 1889 Berlin v FC Hertha 03 Z.,1,3,,,"[{'id': 17555, 'name': 'FC Viktoria 1889 Berlin'}, {'id': 20910, 'name': 'FC Hertha 03 Z.'}]",2024-11-10T12:00:00,False,False,1,Germany,1,Soccer,2584,Regionalliga Northeast,,,,17555,FC Viktoria 1889 Berlin,20910,FC Hertha 03 Z.
6218054,Holstein Kiel II v SV Drochtersen/Assel,1,3,,,"[{'id': 20569, 'name': 'Holstein Kiel II'}, {'id': 17552, 'name': 'SV Drochtersen/Assel'}]",2024-11-10T13:00:00,False,False,1,Germany,1,Soccer,2191,Regionalliga North,,,,20569,Holstein Kiel II,17552,SV Drochtersen/Assel
6218657,Wuppertaler SV v MSV Duisburg,1,3,,,"[{'id': 19943, 'name': 'Wuppertaler SV'}, {'id': 11332, 'name': 'MSV Duisburg'}]",2024-11-10T13:00:00,False,False,1,Germany,1,Soccer,2387,Regionalliga West,,,,19943,Wuppertaler SV,11332,MSV Duisburg
6218335,Hamburger SV II v Bremer SV 1906,1,3,,,"[{'id': 20557, 'name': 'Hamburger SV II'}, {'id': 23305, 'name': 'Bremer SV 1906'}]",2024-11-10T12:00:00,False,False,1,Germany,1,Soccer,2191,Regionalliga North,,,,20557,Hamburger SV II,23305,Bremer SV 1906
6218455,SV Todesfelde v VfB Lubeck,1,3,,,"[{'id': 23346, 'name': 'SV Todesfelde'}, {'id': 17350, 'name': 'VfB Lubeck'}]",2024-11-10T13:00:00,False,False,1,Germany,1,Soccer,2191,Regionalliga North,,,,23346,SV Todesfelde,17350,VfB Lubeck
6217977,Hallescher FC v BFC Dynamo,1,3,,,"[{'id': 10857, 'name': 'Hallescher FC'}, {'id': 25967, 'name': 'BFC Dynamo'}]",2024-11-10T13:00:00,False,False,1,Germany,1,Soccer,2584,Regionalliga Northeast,,,,10857,Hallescher FC,25967,BFC Dynamo
6217605,TSG 1899 Hoffenheim II v FC 08 Villingen,1,3,,,"[{'id': 19926, 'name': 'TSG 1899 Hoffenheim II'}, {'id': 17550, 'name': 'FC 08 Villingen'}]",2024-11-10T13:00:00,False,False,1,Germany,1,Soccer,2583,Regionalliga Southwest,,,,19926,TSG 1899 Hoffenheim II,17550,FC 08 Villingen
6343217,Liverpool LFC v Chelsea LFC,1,1,,,"[{'id': 25754, 'name': 'Liverpool LFC'}, {'id': 25751, 'name': 'Chelsea LFC'}]",2024-11-10T12:30:00,False,False,25,England,1,Soccer,749,The FA Women&apos;s Super League,,,,25754,Liverpool LFC,25751,Chelsea LFC
6356330,Flat Earth FC v Hercules CF,1,1,,,"[{'id': 30943, 'name': 'Flat Earth FC'}, {'id': 22163, 'name': 'Hercules CF'}]",2024-11-10T11:00:00,False,False,23,Spain,1,Soccer,11129,Primera Division Rfef,,,,30943,Flat Earth FC,22163,Hercules CF
6343227,Crystal Palace LFC W v Everton LFC,1,1,,,"[{'id': 75253, 'name': 'Crystal Palace LFC W'}, {'id': 25755, 'name': 'Everton LFC'}]",2024-11-10T14:00:00,False,False,25,England,1,Soccer,749,The FA Women&apos;s Super League,,,,75253,Crystal Palace LFC W,25755,Everton LFC
6218392,Manchester United v Leicester City,1,0,,,"[{'id': 10927, 'name': 'Manchester United'}, {'id': 10749, 'name': 'Leicester City'}]",2024-11-10T14:00:00,False,False,25,England,1,Soccer,33,Premier League,,,,10927,Manchester United,10749,Leicester City
6218703,AC Monza v SS Lazio Roma,1,0,,,"[{'id': 11661, 'name': 'AC Monza'}, {'id': 10865, 'name': 'SS Lazio Roma'}]",2024-11-10T17:00:00,False,False,22,Italy,1,Soccer,28,Serie A,,,,11661,AC Monza,10865,SS Lazio Roma
6218315,Foggia Calcio v Juventus U23,1,0,,,"[{'id': 23497, 'name': 'Foggia Calcio'}, {'id': 15663, 'name': 'Juventus U23'}]",2024-11-10T14:00:00,False,False,22,Italy,1,Soccer,5691,Serie C,,,,23497,Foggia Calcio,15663,Juventus U23
6218767,Ascoli Calcio 1898 FC v US Citta Di Pontedera,1,0,,,"[{'id': 11036, 'name': 'Ascoli Calcio 1898 FC'}, {'id': 25092, 'name': 'US Citta Di Pontedera'}]",2024-11-10T14:00:00,False,False,22,Italy,1,Soccer,5691,Serie C,,,,11036,Ascoli Calcio 1898 FC,25092,US Citta Di Pontedera
6354547,Barcelona B FC v CD Lugo,1,1,,,"[{'id': 18610, 'name': 'Barcelona B FC'}, {'id': 10979, 'name': 'CD Lugo'}]",2024-11-10T16:00:00,False,False,23,Spain,1,Soccer,11129,Primera Division Rfef,,,,18610,Barcelona B FC,10979,CD Lugo
6218590,Olympique Lyonnais v AS Saint-Etienne,1,0,,,"[{'id': 10303, 'name': 'Olympique Lyonnais'}, {'id': 14396, 'name': 'AS Saint-Etienne'}]",2024-11-10T19:45:00,False,False,66,France,1,Soccer,358,Ligue 1,,,,10303,Olympique Lyonnais,14396,AS Saint-Etienne
6218169,Karlsruher SC vs Preussen Munster,1,0,,,"[{'id': 11114, 'name': 'Karlsruher SC'}, {'id': 11330, 'name': 'SC Preussen 06 Munster'}]",2024-11-10T12:30:00,False,False,1,Germany,1,Soccer,2,2nd Bundesliga,3842566,51269883,5334956,11114,Karlsruher SC,11330,SC Preussen 06 Munster
6218381,Urawa Red Diamonds v Sanfrecce Hiroshima,1,0,,,"[{'id': 14256, 'name': 'Urawa Red Diamonds'}, {'id': 14239, 'name': 'Sanfrecce Hiroshima'}]",2024-11-10T06:00:00,False,False,59,Japan,1,Soccer,215,J.League,,,,14256,Urawa Red Diamonds,14239,Sanfrecce Hiroshima
6218707,OGC Nice v LOSC Lille,1,0,,,"[{'id': 10315, 'name': 'OGC Nice'}, {'id': 10298, 'name': 'LOSC Lille'}]",2024-11-10T14:00:00,False,False,66,France,1,Soccer,358,Ligue 1,,,,10315,OGC Nice,10298,LOSC Lille
6333884,Hull City v West Bromwich Albion,1,0,,,"[{'id': 10903, 'name': 'Hull City'}, {'id': 10891, 'name': 'West Bromwich Albion'}]",2024-11-10T13:00:00,False,False,25,England,1,Soccer,32,Championship,,,,10903,Hull City,10891,West Bromwich Albion
6217530,Renofa Yamaguchi v Yokohama FC,1,0,,,"[{'id': 15856, 'name': 'Renofa Yamaguchi'}, {'id': 14585, 'name': 'Yokohama FC'}]",2024-11-10T05:00:00,False,False,59,Japan,1,Soccer,256,J.League 2,,,,15856,Renofa Yamaguchi,14585,Yokohama FC
6218256,Racing Club de Ferrol v Racing Santander,1,0,,,"[{'id': 22148, 'name': 'Racing Club de Ferrol'}, {'id': 10968, 'name': 'Racing Santander'}]",2024-11-10T15:15:00,False,False,23,Spain,1,Soccer,30,La Liga 2,,,,22148,Racing Club de Ferrol,10968,Racing Santander
6333851,Sheffield United v Sheffield Wednesday,1,0,,,"[{'id': 10147, 'name': 'Sheffield United'}, {'id': 10890, 'name': 'Sheffield Wednesday'}]",2024-11-10T12:30:00,False,False,25,England,1,Soccer,32,Championship,,,,10147,Sheffield United,10890,Sheffield Wednesday
6218689,1. FC Heidenheim 1846 v VfL Wolfsburg,1,0,,,"[{'id': 11197, 'name': '1. FC Heidenheim 1846'}, {'id': 10768, 'name': 'VfL Wolfsburg'}]",2024-11-10T18:30:00,False,False,1,Germany,1,Soccer,1,Bundesliga,,,,11197,1. FC Heidenheim 1846,10768,VfL Wolfsburg
6218466,Stade Rennais FC v FC Toulouse,1,0,,,"[{'id': 10312, 'name': 'Stade Rennais FC'}, {'id': 18399, 'name': 'FC Toulouse'}]",2024-11-10T16:00:00,False,False,66,France,1,Soccer,358,Ligue 1,,,,10312,Stade Rennais FC,18399,FC Toulouse
6221499,RC Deportivo La Coruna v SD Eibar,1,0,,,"[{'id': 10978, 'name': 'RC Deportivo La Coruna'}, {'id': 11030, 'name': 'SD Eibar'}]",2024-11-11T19:30:00,False,False,23,Spain,1,Soccer,30,La Liga 2,,,,10978,RC Deportivo La Coruna,11030,SD Eibar
6218943,Neapolis v Asd Team Altamura,1,0,,,"[{'id': 75273, 'name': 'Neapolis'}, {'id': 27098, 'name': 'Asd Team Altamura'}]",2024-11-11T19:30:00,False,False,22,Italy,1,Soccer,5691,Serie C,,,,75273,Neapolis,27098,Asd Team Altamura
6219173,Taranto FC 1927 v Usd Audace Cerignola,1,0,,,"[{'id': 27092, 'name': 'Taranto FC 1927'}, {'id': 27099, 'name': 'Usd Audace Cerignola'}]",2024-11-11T19:30:00,False,False,22,Italy,1,Soccer,5691,Serie C,,,,27092,Taranto FC 1927,27099,Usd Audace Cerignola
6219425,Padova vs Novara,1,0,,,"[{'id': 11665, 'name': 'Calcio Padova'}, {'id': 11673, 'name': 'Novara Calcio'}]",2024-11-11T19:30:00,False,False,22,Italy,1,Soccer,5691,Serie C,3845593,51546901,5438927,11665,Calcio Padova,11673,Novara Calcio
